-- phpMyAdmin SQL Dump
-- version 4.0.10deb1
-- http://www.phpmyadmin.net
--
-- Host: localhost
-- Generation Time: Jan 08, 2018 at 04:35 PM
-- Server version: 5.6.33-0ubuntu0.14.04.1
-- PHP Version: 5.5.9-1ubuntu4.22

SET SQL_MODE = "NO_AUTO_VALUE_ON_ZERO";
SET time_zone = "+00:00";


/*!40101 SET @OLD_CHARACTER_SET_CLIENT=@@CHARACTER_SET_CLIENT */;
/*!40101 SET @OLD_CHARACTER_SET_RESULTS=@@CHARACTER_SET_RESULTS */;
/*!40101 SET @OLD_COLLATION_CONNECTION=@@COLLATION_CONNECTION */;
/*!40101 SET NAMES utf8 */;

--
-- Database: `pariwisata`
--

-- --------------------------------------------------------

--
-- Table structure for table `about`
--

CREATE TABLE IF NOT EXISTS `about` (
  `id_about` int(11) NOT NULL AUTO_INCREMENT,
  `about_logo` varchar(30) CHARACTER SET latin1 COLLATE latin1_general_ci DEFAULT NULL,
  `about_deskripsi` text CHARACTER SET latin1 COLLATE latin1_general_ci,
  `id_admin` int(11) DEFAULT NULL,
  `about_title_meta` varchar(200) CHARACTER SET latin1 COLLATE latin1_general_ci DEFAULT NULL,
  `about_deskripsi_meta` varchar(200) CHARACTER SET latin1 COLLATE latin1_general_ci DEFAULT NULL,
  `about_keyword_meta` varchar(200) CHARACTER SET latin1 COLLATE latin1_general_ci DEFAULT NULL,
  PRIMARY KEY (`id_about`)
) ENGINE=InnoDB  DEFAULT CHARSET=latin1 AUTO_INCREMENT=2 ;

--
-- Dumping data for table `about`
--

INSERT INTO `about` (`id_about`, `about_logo`, `about_deskripsi`, `id_admin`, `about_title_meta`, `about_deskripsi_meta`, `about_keyword_meta`) VALUES
(1, 'logo.png', '<h2 style="text-align: justify;">Modul Destinasi Pariwisata adalah sarana informasi Objek Wisata terpadu yang dikembangkan oleh Dinas Komunikasi dan Informatika Pemerintahan Kabupaten Malang menuju Smart Regency. Dengan penyajian informasi pariwisata yang komprehensif diharapkan Modul Destinasi Pariwisata dapat menjadi smart guidance bagi wisatawan baik lokal maupun mancanegara.</h2>', 0, '', '', '');

-- --------------------------------------------------------

--
-- Table structure for table `admin`
--

CREATE TABLE IF NOT EXISTS `admin` (
  `admin_id` int(11) NOT NULL AUTO_INCREMENT,
  `admin_user` text NOT NULL,
  `admin_password` varchar(100) NOT NULL,
  `admin_view_password` varchar(100) DEFAULT NULL,
  `admin_hak_akses` int(11) NOT NULL,
  PRIMARY KEY (`admin_id`)
) ENGINE=InnoDB  DEFAULT CHARSET=latin1 AUTO_INCREMENT=3 ;

--
-- Dumping data for table `admin`
--

INSERT INTO `admin` (`admin_id`, `admin_user`, `admin_password`, `admin_view_password`, `admin_hak_akses`) VALUES
(1, 'admin', 'e00cf25ad42683b3df678c61f42c6bda', 'admin1', 1),
(2, 'dea', 'ccab3f091efa37d9ee2d6047ee6fdbc2', 'dealemu', 1);

-- --------------------------------------------------------

--
-- Table structure for table `berita`
--

CREATE TABLE IF NOT EXISTS `berita` (
  `berita_id` int(11) NOT NULL AUTO_INCREMENT,
  `berita_judul` text NOT NULL,
  `berita_deskripsi` text,
  `berita_tgl` date NOT NULL,
  `berita_autor` text NOT NULL,
  `berita_foto` varchar(100) NOT NULL,
  `berita_tag` text NOT NULL,
  PRIMARY KEY (`berita_id`)
) ENGINE=InnoDB  DEFAULT CHARSET=latin1 AUTO_INCREMENT=11 ;

--
-- Dumping data for table `berita`
--

INSERT INTO `berita` (`berita_id`, `berita_judul`, `berita_deskripsi`, `berita_tgl`, `berita_autor`, `berita_foto`, `berita_tag`) VALUES
(5, 'Dua Jempol, Dua Penghargaan Terbaik Pariwisata Diborong Kabupaten Malang', '<p>Komitmen membangun dunia pariwisata di Kabupaten Malang bukan isapan jempol belaka. Terutama kiprah, dedikasi, dan keteguhan kepala daerahnya dalam menerapkan kebijakan yang terarah, integral, dan kontinyu mengawal derap pembangunan kepariwisataan.</p>\r\n<p>Hal ini dibuktikan dengan suksesnya dunia pariwisata Kabupaten Malang yang dipimpin Bupati Dr H Rendra Kresna sebagai inisiator tumbuh kuatnya sektor yang kini jadi unggulan nasional. Melalui program optimalisasi pariwisata dengan branding The Heart of East Java, kekayaan alam serta dedikasi dan komitmen menjaga program yang bisa meningkatkan taraf kesejahteraan masyarakat diapresiasi oleh Pemerintahan Provinsi Jawa Timur (Jatim) dalam Malam Anugerah Wisata di Hotel Mercure Surabaya, Senin (20/11/2017) malam.</p>\r\n<p>Tidak tanggung-tanggung, Pemerintahan Kabupaten Malang menyabet dua penghargaan terbaik di bidang pariwisata yang diserahkan Gubernur Jatim Soekarwo kepada Rendra. Penghargaan bergengsi tersebut meliputi apresiasi terhadap komitmen dan kepedulian&nbsp; tinggi Pemerintah Kabupaten Malang dalam mengembangkan sektor pariwisata.&nbsp;</p>\r\n<p>Komitmen dan kepedulian Pemerintah Kabupaten Malang dalam pengembangan sektor pariwisata terlihat dengan geliat di hampir seluruh desa dalam berlomba membangun kepariwisataan desa yang tidak terjebak dalam eksploitasi lingkungan hidup yang berlebihan.</p>\r\n<p>Bupati Malang Rendra Kresna menyatakan penghargaan pariwisata dari Pemprov Jatim adalah berkat kerja keras bersama</p>\r\n<p>Konsep pariwisata berbasis masyarakat dan ramah lingkungan menjadi nyata dengan komitmen bupati Malang dalam meluncurkan tiga program besarnya di periode kedua kepemimpinannya. Yaitu pengentasan kemiskinan, optimalisasi pariwisata, dan lingkungan hidup.</p>\r\n<p>Sekretaris Daerah Provinsi Jatim Ahmad Sukardi yang mendampingi Gubernur menyampaikan bahwa apresiasi Malam Anugerah Wisata ditujukan sebagai motivasi bagi seluruh daerah untuk menjaga komitmennya dalam mengembangkan dan memajukan wisata setempat.</p>\r\n<p>"Sektor pariwisata adalah program nasional yang kini terus digalakkan. Berbagai langkah, strategi dan anggaran pusat pun terus digelontorkan ke daerah untuk pariwisata. Maka, patutlah kita untuk menyambutnya," kata Sukardi.</p>\r\n<p>Salah satu cara menyambutnya adalah dengan menggali potensi pariwisata dan mempromosikannya. "Di sinilah ranah kepala daerah dan pemerintah daerah harus siap jadi public relation untuk mempromosikan potensi wisatanya masing-masing," ujar Sukardi.&nbsp;</p>\r\n<p>Komitmen dan kepedulian kepala daerah menjadi harga mati dalam mengoptimalkan dunia pariwisatanya. Pasalnya, lanjut Sukardi, tanpa adanya hal tersebut, sekaya apa pun potensi pariwisata yang dimiliki daerah, maka tidak akan berefek pada kesejahteraan masyarakatnya. "Kepala daerah jadinya tidak hanya merencanakan, tapi wajib juga mengawalnya," tegas Sukardi yang mengucapkan apresiasi tertingginya kepada kepala daerah yang mendapat penghargaan.</p>\r\n<p>Penghargaan kedua yang didapat Pemerintah Kabupaten Malang dalam Malam Anugerah Wisata Jatim adalah terpilihnya Wisata Pantai Clungup Mangrove Conservation Tiga Warna Desa Tambakrejo, Kecamatan Sumbermanjing Wetan, dengan predikat terbaik I kategori wisata alam.</p>\r\n<p>Terpisah, Rendra Kresna menyatakan, bahwa perolehan dua penghargaan dari Pemprov Jatim tersebut sebagai bentuk bukti nyata peran serta seluruh masyarakat Kabupaten Malang. "Karena tanpa adanya kesadaran dari masyarakat, maka sebaik apa pun kebijakan kita, tentunya tidak optimal," kata Rendra, Selasa (21/11) setelah membuka acara lomba Senam Madep Manteb Manetep di Pendapa Kabupaten Malang, Kepanjen.</p>\r\n<p>Menurur Rendra, pemerintah hanya menguatkan kesadaran masyarakat serta mendukung penuh dengan berbagai kebijakan dan anggaran yang ada. "Kebijakan kita jelas dalam pariwisata, bahwa seluruh OPD bahu-membahu mengoptimalkan potensi pariwisata sesuai tupoksinya," ucap Rendra yang menerima langsung penghargaan tersebut.</p>\r\n<p>Diganjarnya pariwisata Kabupaten Malang dengan dua kategori terbaik tersebut, lanjut Rendra, bukan akhir dalam memperjuangkan potensi pariwisata sampai go international. "Ini kami anggap awal. Sebagai motivasi bagi kami semua. Tentunya kami akan terus&nbsp; memaksimalkan potensi wisata yang ada di wilayah masing-masing," imbuh ketua DPW Partai NasDem Jatim itu.&nbsp;</p>\r\n<p>Selain fokus pada optimalisasi wisata, Pemerintahan Kabupaten Malang juga terus bersinergi&nbsp; bersama wilayah Malang Raya dalam memajukan pariwisata. Jika di Kabupaten Malang dengan andalan wisata alam, Kota Batu dikenal wisata buatan, sedangkan Kota Malang dikenal wisata kuliner dan pendidikan.&nbsp; "Sinergitas ini menjadi penting dalam konteks kepaduan serta saling melengkapi potensi wisata yang ada di masing-masing wilayah Malang Raya," pungkas Rendra.&nbsp;</p>', '2017-10-06', 'Nana', 'Dua_Jempol,_Dua_Penghargaan_Terbaik_Pariwisata_Diborong_Kabupaten_Malang.jpg', 'Penghargaan'),
(6, 'Dinas Perhubungan Kabupaten Malang Siapkan Petugas Bermotor Pemandu Jalur Wisata', '<p>&nbsp;Dinas Perhubungan (Dishub) Kabupaten Malang siapkan 10 sepeda motor untuk panduan wisata. Hal itu sebagai langkah Dishub dalam melayani wisatawan yang ingin berkunjung ke objek wisata di Kabupaten Malang namun belum mengetahui jalur dan lokasi yang dituju.</p>\r\n<p>Kepala Dishub Kabupaten Malang, Hafi Lutfi menjelaskan, armada sepeda motor untuk panduan jalan bagi wisatawan ditempatkan di 10 unit pelaksana teknis Dishub Kabupaten Malang. Yakni di UPT Dishub Singosari, Tumpang, Pujon, Dampit, Pagak, Gondanglegi, Turen, Kepanjen, Talangagung, dan kantor Dishub.</p>\r\n<p>"Di masing-masing kantor UPT Dishub itu ada petugas yang siap memandu wisatawan yang ingin mengunjungi objek wisata yang belum tahu jalurnya," kata Hafi Lutfi, Selasa (14/11/2017).</p>\r\n<p>Dijelaskan Hafi Lutfi, disiapkannya petugas Dishub bermotor yang dilengkapi dengan peralatan sirine dan rotator lebih sebagai upaya memberi pelayanan terbaik bagi wisatawan yang berkunjung ke Kabupaten Malang. Karena bagaimanapun, luasnya wilayah Kabupaten Malang tidak jarang menyulitkan wisatawan untuk bisa sampai ke lokasi objek wisata yang akan dikunjungi.</p>\r\n<p>Di samping itu, dikatakan Hafi Lutfi, petugas UPT Dishub yang memandu wisatawan nantinya juga akan dibekali dan wajib mengetahui lokasi wisata di wilayah kerjanya masing-masing. Dengan demikian, petugas pemandu Dishub akan lebih cepat menentukan jalur mana yang bisa ditempuh oleh wisatawan untuk bisa mencapai lokasi wisata tersebut.</p>\r\n<p>"Maka dari itu, kecakapan dalam menguasai kondisi lapangan dan keterampilan mengendarai sepeda motor sebagai pemandu jalur menuju obyek wisata harus dimiliki petugas Dishub UPT Wisata nantinya," ujar Hafi Lutfi.</p>\r\n<p>Untuk pengadaan 10 unit sepeda motor UPT Dishub Pemandu Wisata, tambah Hafi Lutfi, dianggarkan dalam PAPBD 2017 mencapai sekitar Rp 350 juta. Dan diharapkan, besarnya alokasi pengadaan sepeda motor pemandu jalur wisata tersebut sebanding dengan manfaat bagi perkembangan wisata di Kabupaten Malang.</p>\r\n<p>"Untuk itulah, kami rasa Dishub dengan semboyan BISA (Brilian, Inovasi, Speed, dan Akuntable) akan mampu memberikan yang terbaik bagi sektor pariwisata di Kabupaten Malang," ucap Hafi Lutfi.</p>', '2017-11-06', 'Ahmad Amru Muiz', 'Dinas_Perhubungan_Kabupaten_Malang_Siapkan_Petugas_Bermotor_Pemandu_Jalur_Wisata.jpg', 'Dinas Perhubungan');

-- --------------------------------------------------------

--
-- Table structure for table `event`
--

CREATE TABLE IF NOT EXISTS `event` (
  `event_id` int(11) NOT NULL AUTO_INCREMENT,
  `event_judul` text NOT NULL,
  `event_foto` varchar(100) NOT NULL,
  `event_penyelenggara` text NOT NULL,
  `event_tgl_pelaksanaan` date NOT NULL,
  `event_deskripsi` text NOT NULL,
  `event_url_file_jadwal` varchar(100) NOT NULL,
  `event_tag` text NOT NULL,
  PRIMARY KEY (`event_id`)
) ENGINE=InnoDB  DEFAULT CHARSET=latin1 AUTO_INCREMENT=24 ;

--
-- Dumping data for table `event`
--

INSERT INTO `event` (`event_id`, `event_judul`, `event_foto`, `event_penyelenggara`, `event_tgl_pelaksanaan`, `event_deskripsi`, `event_url_file_jadwal`, `event_tag`) VALUES
(12, 'Gulat Pantai', 'Gulat_Pantai.jpg', 'Dinas Pariwisata dan Kebudayaan Kab Malang', '2017-12-03', '<p>KONI Kabupaten Malang akan menggelar beberapa kegiatan untuk memperingati hari jadi Kabupaten Malang ke 1257. Di antaranya adalah gulat pantai.</p>\r\n<p>Kejuaraan tersebut akan digelar di Pantai Ungapan pada 9 Desember 2017. Ketua KONI Kabupaten Malang, Asyari menjelaskan gulat pantai itu diadopsi dari olahraga tradisional.</p>\r\n<p>Tetapi, nantinya olahraga itu akan dikemas lebih menarik. &ldquo;Hal itu agar gulat pantai ini bisa menjadi hiburan bagi wisatawan, dan menjadi kejuaraan yang menarik bagi para peserta,&rdquo; beber Asyari kepada SURYAMALANG.COM, Senin (20/11/2017).</p>\r\n<p>Asyari menambahkan peserta yang akan ikut gulat pantai adalah para atlet gulat. Jika bukan atlet, dikhawatirkan akan menyulitkan penilaian.</p>\r\n<p>&ldquo;Dalam kejuaraan itu pasti ada teknis dan hal lain, termasuk persiapan fisik.&rdquo;</p>\r\n<p>&ldquo;Kalau bukan atlet akan kesulitan bisa ikut kejuaraan tersebut,&rdquo; terangnya.</p>', 'Gulat_Pantai.', 'ok s'),
(13, 'Lomba marathon beach running 10K', 'Lomba_marathon_beach_running_10K.jpg', 'Dinas Pariwisata dan Kebudayaan Kab Malang', '2017-11-17', '<p>Lomba marathon beach running 10K Malang Beach Festival diselenggarakan dalam rangka&nbsp;perayaan HUT Kabupaten Malang ke 1257.</p>', 'Lomba_marathon_beach_running_10K.', 'ok s');

-- --------------------------------------------------------

--
-- Table structure for table `fasilitas_pendukung`
--

CREATE TABLE IF NOT EXISTS `fasilitas_pendukung` (
  `faspen_id` int(11) NOT NULL AUTO_INCREMENT,
  `faspen_nama` text NOT NULL,
  `faspen_icon` varchar(100) NOT NULL,
  PRIMARY KEY (`faspen_id`)
) ENGINE=InnoDB  DEFAULT CHARSET=latin1 AUTO_INCREMENT=5 ;

--
-- Dumping data for table `fasilitas_pendukung`
--

INSERT INTO `fasilitas_pendukung` (`faspen_id`, `faspen_nama`, `faspen_icon`) VALUES
(1, 'Penginapan', 'COTTAGE.png');

-- --------------------------------------------------------

--
-- Table structure for table `fasilitas_wisata`
--

CREATE TABLE IF NOT EXISTS `fasilitas_wisata` (
  `faswis_id` int(11) NOT NULL AUTO_INCREMENT,
  `faswis_nama` text NOT NULL,
  `faswis_icon` varchar(100) NOT NULL,
  PRIMARY KEY (`faswis_id`)
) ENGINE=InnoDB  DEFAULT CHARSET=latin1 AUTO_INCREMENT=17 ;

--
-- Dumping data for table `fasilitas_wisata`
--

INSERT INTO `fasilitas_wisata` (`faswis_id`, `faswis_nama`, `faswis_icon`) VALUES
(1, 'KEAMANAN', 'keamanan.png'),
(2, 'KLINIK KESEHATAN', 'klinik.png'),
(3, 'LOKER/PENITIPAN BARANG', 'safebox.png'),
(4, 'PARKIR', 'parkir.png'),
(5, 'PENGINAPAN', 'PENGINAPAN.png'),
(6, 'SOUVENIR SHOP', 'souvenir.png'),
(7, 'TEMPAT IBADAH', 'tempat_ibadah.png'),
(8, 'TEMPAT MAKAN', 'tempat_makan.png'),
(9, 'TOILET', 'toilet.png'),
(10, 'TOUR GUIDE', 'tourist_information.png'),
(11, 'TOURIST INFORMATION', 'tourist_information.png');

-- --------------------------------------------------------

--
-- Table structure for table `foto`
--

CREATE TABLE IF NOT EXISTS `foto` (
  `foto_id` int(11) NOT NULL AUTO_INCREMENT,
  `url_file_foto` varchar(100) NOT NULL,
  `wisata_id` int(11) NOT NULL,
  PRIMARY KEY (`foto_id`)
) ENGINE=InnoDB  DEFAULT CHARSET=latin1 AUTO_INCREMENT=646 ;

--
-- Dumping data for table `foto`
--

INSERT INTO `foto` (`foto_id`, `url_file_foto`, `wisata_id`) VALUES
(1, '_DSC2653 (FILEminimizer).JPG', 48),
(2, '_DSC2659 (FILEminimizer).JPG', 48),
(3, '_DSC2660 (FILEminimizer).JPG', 48),
(4, 'DSC03068 (FILEminimizer).JPG', 48),
(5, 'DSC03083 (FILEminimizer).JPG', 48),
(6, '_DSC2653 (FILEminimizer).JPG', 49),
(7, '_DSC2659 (FILEminimizer).JPG', 49),
(8, '_DSC2660 (FILEminimizer).JPG', 49),
(9, 'DSC03068 (FILEminimizer).JPG', 49),
(10, 'DSC03083 (FILEminimizer).JPG', 49),
(11, '_DSC2808 (FILEminimizer).JPG', 64),
(12, 'DSC03393 (FILEminimizer).JPG', 64),
(13, 'DSC03403 (FILEminimizer).JPG', 64),
(14, 'DSC03405 (FILEminimizer).JPG', 64),
(15, 'DSC03420 (FILEminimizer).JPG', 64),
(16, 'DSC02923 (FILEminimizer).JPG', 31),
(17, 'DSC02928 (FILEminimizer).JPG', 31),
(18, 'DSC02932 (FILEminimizer).JPG', 31),
(19, 'DSC02937 (FILEminimizer).JPG', 31),
(20, 'DSC02952 (FILEminimizer).JPG', 31),
(21, 'DSC02923 (FILEminimizer).JPG', 32),
(22, 'DSC02928 (FILEminimizer).JPG', 32),
(23, 'DSC02932 (FILEminimizer).JPG', 32),
(24, 'DSC02937 (FILEminimizer).JPG', 32),
(25, 'DSC02952 (FILEminimizer).JPG', 32),
(26, 'DSC02690 (FILEminimizer).JPG', 14),
(27, 'DSC02696 (FILEminimizer).JPG', 14),
(28, 'DSC02698 (FILEminimizer).JPG', 14),
(29, 'DSC02702 (FILEminimizer).JPG', 14),
(30, 'DSC02709 (FILEminimizer).JPG', 14),
(36, 'DSC02690 (FILEminimizer).JPG', 16),
(37, 'DSC02696 (FILEminimizer).JPG', 16),
(38, 'DSC02698 (FILEminimizer).JPG', 16),
(39, 'DSC02702 (FILEminimizer).JPG', 16),
(40, 'DSC02709 (FILEminimizer).JPG', 16),
(41, 'DSC02670 (FILEminimizer).JPG', 11),
(42, 'DSC02674 (FILEminimizer).JPG', 11),
(43, 'DSC02677 (FILEminimizer).JPG', 11),
(44, 'DSC02687 (FILEminimizer).JPG', 11),
(45, 'DSC02688 (FILEminimizer).JPG', 11),
(46, 'DSC02670 (FILEminimizer).JPG', 12),
(47, 'CANDI_KIDAL2_DSC02672.jpg', 12),
(48, 'CANDI_KIDAL3_DSC02680.jpg', 12),
(49, 'CANDI_KIDAL4_DSC02683.jpg', 12),
(50, 'CANDI_KIDAL5_DSC02685.jpg', 12),
(51, 'DSC02670 (FILEminimizer).JPG', 13),
(52, 'DSC02674 (FILEminimizer).JPG', 13),
(53, 'DSC02677 (FILEminimizer).JPG', 13),
(54, 'DSC02687 (FILEminimizer).JPG', 13),
(55, 'DSC02688 (FILEminimizer).JPG', 13),
(56, 'DSC03027 (FILEminimizer).JPG', 42),
(57, 'DSC03030 (FILEminimizer).JPG', 42),
(58, 'DSC03033 (FILEminimizer).JPG', 42),
(59, 'DSC03036 (FILEminimizer).JPG', 42),
(60, 'DSC03044 (FILEminimizer).JPG', 42),
(61, 'DSC03027 (FILEminimizer).JPG', 43),
(62, 'DSC03030 (FILEminimizer).JPG', 43),
(63, 'DSC03033 (FILEminimizer).JPG', 43),
(64, 'DSC03036 (FILEminimizer).JPG', 43),
(65, 'DSC03044 (FILEminimizer).JPG', 43),
(66, 'DSC03027 (FILEminimizer).JPG', 44),
(67, 'DSC03030 (FILEminimizer).JPG', 44),
(68, 'DSC03033 (FILEminimizer).JPG', 44),
(69, 'DSC03036 (FILEminimizer).JPG', 44),
(70, 'DSC03044 (FILEminimizer).JPG', 44),
(71, '_DSC2777 (FILEminimizer).JPG', 60),
(72, 'a.JPG', 60),
(73, 'b.JPG', 60),
(74, 'c.JPG', 60),
(75, 'd.JPG', 60),
(76, '_DSC2664 (FILEminimizer).JPG', 53),
(77, '_DSC2672 (FILEminimizer).JPG', 53),
(78, 'DJI_0112 (FILEminimizer).JPG', 53),
(79, 'DSC03134 (FILEminimizer).JPG', 53),
(80, 'DSC03178 (FILEminimizer).JPG', 53),
(81, 'DSC02636 (FILEminimizer).JPG', 10),
(82, 'DSC02639 (FILEminimizer).JPG', 10),
(83, 'DSC02641 (FILEminimizer).JPG', 10),
(84, 'DSC02650 (FILEminimizer).JPG', 10),
(85, 'DSC02660 (FILEminimizer).JPG', 10),
(86, '_DSC2619 (FILEminimizer).JPG', 33),
(87, 'DSC02968 (FILEminimizer).JPG', 33),
(88, 'DSC02975 (FILEminimizer).JPG', 33),
(89, 'DSC02992 (FILEminimizer).JPG', 33),
(90, 'DSC02999 (FILEminimizer).JPG', 33),
(91, '_DSC2619 (FILEminimizer).JPG', 34),
(92, 'DSC02968 (FILEminimizer).JPG', 34),
(93, 'DSC02975 (FILEminimizer).JPG', 34),
(94, 'DSC02992 (FILEminimizer).JPG', 34),
(95, 'DSC02999 (FILEminimizer).JPG', 34),
(101, '_DSC2619 (FILEminimizer).JPG', 36),
(102, 'DSC02968 (FILEminimizer).JPG', 36),
(103, 'DSC02975 (FILEminimizer).JPG', 36),
(104, 'DSC02992 (FILEminimizer).JPG', 36),
(105, 'DSC02999 (FILEminimizer).JPG', 36),
(106, '_DSC2619 (FILEminimizer).JPG', 37),
(107, 'DSC02968 (FILEminimizer).JPG', 37),
(108, 'DSC02975 (FILEminimizer).JPG', 37),
(109, 'DSC02992 (FILEminimizer).JPG', 37),
(110, 'DSC02999 (FILEminimizer).JPG', 37),
(111, '_DSC2619 (FILEminimizer).JPG', 38),
(112, 'DSC02968 (FILEminimizer).JPG', 38),
(113, 'DSC02975 (FILEminimizer).JPG', 38),
(114, 'DSC02992 (FILEminimizer).JPG', 38),
(115, 'DSC02999 (FILEminimizer).JPG', 38),
(121, '_DSC2619 (FILEminimizer).JPG', 40),
(122, 'DSC02968 (FILEminimizer).JPG', 40),
(123, 'DSC02975 (FILEminimizer).JPG', 40),
(124, 'DSC02992 (FILEminimizer).JPG', 40),
(125, 'DSC02999 (FILEminimizer).JPG', 40),
(126, 'DSC03197 (FILEminimizer).JPG', 54),
(127, 'DSC03210 (FILEminimizer).JPG', 54),
(128, 'DSC03219 (FILEminimizer).JPG', 54),
(129, 'DSC03223 (FILEminimizer).JPG', 54),
(130, 'DSC03225 (FILEminimizer).JPG', 54),
(131, 'DSC02615 (FILEminimizer).JPG', 7),
(132, 'DSC02622 (FILEminimizer).JPG', 7),
(133, 'DSC02625 (FILEminimizer).JPG', 7),
(134, 'DSC02626 (FILEminimizer).JPG', 7),
(135, 'DSC02631 (FILEminimizer).JPG', 7),
(136, 'DSC02615 (FILEminimizer).JPG', 8),
(139, 'DSC02626 (FILEminimizer).JPG', 8),
(146, 'DSC03284 (FILEminimizer).JPG', 59),
(147, 'DSC03285 (FILEminimizer).JPG', 59),
(148, 'DSC03286 (FILEminimizer).JPG', 59),
(149, 'DSC03289 (FILEminimizer).JPG', 59),
(150, 'DSC03291 (FILEminimizer).JPG', 59),
(156, '_DSC2823 (FILEminimizer).JPG', 66),
(157, '_DSC2828 (FILEminimizer).JPG', 66),
(158, 'DSC03426 (FILEminimizer).JPG', 66),
(159, 'DSC03428 (FILEminimizer).JPG', 66),
(160, 'DSC03436 (FILEminimizer).JPG', 66),
(161, '_DSC2823 (FILEminimizer).JPG', 67),
(162, '_DSC2828 (FILEminimizer).JPG', 67),
(163, 'DSC03426 (FILEminimizer).JPG', 67),
(164, 'DSC03428 (FILEminimizer).JPG', 67),
(165, 'DSC03436 (FILEminimizer).JPG', 67),
(166, 'DSC02845 (FILEminimizer).JPG', 24),
(167, 'DSC02856 (FILEminimizer).JPG', 24),
(168, 'DSC02859 (FILEminimizer).JPG', 24),
(169, 'DSC02860 (FILEminimizer).JPG', 24),
(170, 'DSC02863 (FILEminimizer).JPG', 24),
(176, 'DSC02876 (FILEminimizer).JPG', 26),
(177, 'DSC02881 (FILEminimizer).JPG', 26),
(178, 'DSC02893 (FILEminimizer).JPG', 26),
(179, 'DSC02896 (FILEminimizer).JPG', 26),
(180, 'DSC02917 (FILEminimizer).JPG', 26),
(181, 'DSC02876 (FILEminimizer).JPG', 27),
(182, 'DSC02881 (FILEminimizer).JPG', 27),
(183, 'DSC02893 (FILEminimizer).JPG', 27),
(184, 'DSC02896 (FILEminimizer).JPG', 27),
(185, 'DSC02917 (FILEminimizer).JPG', 27),
(186, 'DSC02876 (FILEminimizer).JPG', 28),
(187, 'DSC02881 (FILEminimizer).JPG', 28),
(188, 'DSC02893 (FILEminimizer).JPG', 28),
(189, 'DSC02896 (FILEminimizer).JPG', 28),
(190, 'DSC02917 (FILEminimizer).JPG', 28),
(201, 'DSC02781 (FILEminimizer).JPG', 22),
(202, 'DSC02783 (FILEminimizer).JPG', 22),
(203, 'DSC02792 (FILEminimizer).JPG', 22),
(204, 'DSC02825 (FILEminimizer).JPG', 22),
(205, 'DSC02866 (FILEminimizer).JPG', 22),
(211, 'DSC02718 (FILEminimizer).JPG', 17),
(212, 'DSC02720 (FILEminimizer).JPG', 17),
(213, 'DSC02728 (FILEminimizer).JPG', 17),
(214, 'DSC02730 (FILEminimizer).JPG', 17),
(215, 'DSC02733 (FILEminimizer).JPG', 17),
(221, 'DSC02745 (FILEminimizer).JPG', 19),
(222, 'DSC02748 (FILEminimizer).JPG', 19),
(223, 'DSC02750 (FILEminimizer).JPG', 19),
(224, 'DSC02751 (FILEminimizer).JPG', 19),
(225, 'DSC02756 (FILEminimizer).JPG', 19),
(226, 'DSC02745 (FILEminimizer).JPG', 20),
(227, 'DSC02748 (FILEminimizer).JPG', 20),
(228, 'DSC02750 (FILEminimizer).JPG', 20),
(229, 'DSC02751 (FILEminimizer).JPG', 20),
(230, 'DSC02756 (FILEminimizer).JPG', 20),
(231, 'DSC02745 (FILEminimizer).JPG', 21),
(232, 'DSC02748 (FILEminimizer).JPG', 21),
(233, 'DSC02750 (FILEminimizer).JPG', 21),
(234, 'DSC02751 (FILEminimizer).JPG', 21),
(235, 'DSC02756 (FILEminimizer).JPG', 21),
(236, '_DSC2626 (FILEminimizer).JPG', 41),
(237, '_DSC2628 (FILEminimizer).JPG', 41),
(238, '_DSC2635 (FILEminimizer).JPG', 41),
(239, 'DSC03015 (FILEminimizer).JPG', 41),
(240, 'DSC03020 (FILEminimizer).JPG', 41),
(241, '_DSC2713 (FILEminimizer).JPG', 55),
(242, '_DSC2718 (FILEminimizer).JPG', 55),
(243, 'DSC03227 (FILEminimizer).JPG', 55),
(244, 'DSC03228 (FILEminimizer).JPG', 55),
(245, 'DSC03238 (FILEminimizer).JPG', 55),
(246, '_DSC2713 (FILEminimizer).JPG', 56),
(247, '_DSC2718 (FILEminimizer).JPG', 56),
(248, 'DSC03227 (FILEminimizer).JPG', 56),
(249, 'DSC03228 (FILEminimizer).JPG', 56),
(250, 'DSC03238 (FILEminimizer).JPG', 56),
(251, 'DSC02584 (FILEminimizer).JPG', 6),
(252, 'DSC02588 (FILEminimizer).JPG', 6),
(253, 'DSC02589 (FILEminimizer).JPG', 6),
(254, 'DSC02591 (FILEminimizer).JPG', 6),
(255, 'DSC02597 (FILEminimizer).JPG', 6),
(256, '_DSC2792 (FILEminimizer).JPG', 63),
(257, 'DSC03355 (FILEminimizer).JPG', 63),
(258, 'DSC03360 (FILEminimizer).JPG', 63),
(259, 'DSC03388 (FILEminimizer).JPG', 63),
(260, 'DSC03390 (FILEminimizer).JPG', 63),
(261, '_DSC2739 (FILEminimizer).JPG', 57),
(262, '_DSC2740 (FILEminimizer).JPG', 57),
(263, '_DSC2744 (FILEminimizer).JPG', 57),
(264, 'DSC03268 (FILEminimizer).JPG', 57),
(265, 'DSC03276 (FILEminimizer).JPG', 57),
(266, '_DSC2739 (FILEminimizer).JPG', 58),
(267, '_DSC2740 (FILEminimizer).JPG', 58),
(268, '_DSC2744 (FILEminimizer).JPG', 58),
(269, 'DSC03268 (FILEminimizer).JPG', 58),
(270, 'DSC03276 (FILEminimizer).JPG', 58),
(271, '_DSC2786 (FILEminimizer).JPG', 61),
(272, 'DSC03320 (FILEminimizer).JPG', 61),
(273, 'DSC03326 (FILEminimizer).JPG', 61),
(274, 'DSC03332 (FILEminimizer).JPG', 61),
(275, 'DSC03335 (FILEminimizer).JPG', 61),
(276, '_DSC2786 (FILEminimizer).JPG', 62),
(277, 'DSC03320 (FILEminimizer).JPG', 62),
(278, 'DSC03326 (FILEminimizer).JPG', 62),
(279, 'DSC03332 (FILEminimizer).JPG', 62),
(280, 'DSC03335 (FILEminimizer).JPG', 62),
(281, 'DSC03089 (FILEminimizer).JPG', 51),
(282, 'DSC03096 (FILEminimizer).JPG', 51),
(283, 'DSC03104 (FILEminimizer).JPG', 51),
(284, 'DSC03112 (FILEminimizer).JPG', 51),
(285, 'DSC03120 (FILEminimizer).JPG', 51),
(286, 'DSC03089 (FILEminimizer).JPG', 52),
(287, 'DSC03096 (FILEminimizer).JPG', 52),
(288, 'DSC03104 (FILEminimizer).JPG', 52),
(289, 'DSC03112 (FILEminimizer).JPG', 52),
(290, 'DSC03120 (FILEminimizer).JPG', 52),
(291, '_DSC2637 (FILEminimizer).JPG', 45),
(292, '_DSC2649 (FILEminimizer).JPG', 45),
(293, 'DSC03048 (FILEminimizer).JPG', 45),
(294, 'DSC03049 (FILEminimizer).JPG', 45),
(295, 'DSC03053 (FILEminimizer).JPG', 45),
(296, '_DSC2637 (FILEminimizer).JPG', 46),
(297, '_DSC2649 (FILEminimizer).JPG', 46),
(298, 'DSC03048 (FILEminimizer).JPG', 46),
(299, 'DSC03049 (FILEminimizer).JPG', 46),
(300, 'DSC03053 (FILEminimizer).JPG', 46),
(301, '_DSC2637 (FILEminimizer).JPG', 47),
(302, '_DSC2649 (FILEminimizer).JPG', 47),
(303, 'DSC03048 (FILEminimizer).JPG', 47),
(304, 'DSC03049 (FILEminimizer).JPG', 47),
(305, 'DSC03053 (FILEminimizer).JPG', 47),
(306, 'loyal.jpg', 70),
(308, '5.jpg', 73),
(309, '520264_b1b8_4.jpg', 74),
(317, 'COBAN_SUMBERPITU1__DSC2717.jpg', 101),
(318, 'COBAN_SUMBERPITU2__DSC2724.jpg', 101),
(319, 'COBAN_SUMBERPITU3_DSC03237.jpg', 101),
(320, 'COBAN_SUMBERPITU4_DSC03247.jpg', 101),
(322, 'SUMBER_MARON1_DSC03635.jpg', 102),
(323, 'SUMBER_MARON2_DSC03636.jpg', 102),
(324, 'SUMBER_MARON3_DSC03641.jpg', 102),
(327, 'WADUK_SELOREJO1_DSC02432.jpg', 103),
(328, 'WADUK_SELOREJO3_DSC02507.jpg', 103),
(329, 'WADUK_SELOREJO4_DSC02513.jpg', 103),
(330, 'WADUK_SELOREJO5_DSC02519.jpg', 103),
(345, 'SUMBER_MARON4_DSC03699.jpg', 102),
(348, 'KEBUN_TEH_WONOSARI1__DSC2651.jpg', 50),
(349, 'KEBUN_TEH_WONOSARI2_DSC03064.jpg', 50),
(350, 'KEBUN_TEH_WONOSARI3_DSC03067.jpg', 50),
(351, 'AGRO_SALAK1_DSC03604.jpg', 92),
(352, 'KEBUN_TEH_WONOSARI4_DSC03077.jpg', 50),
(353, 'AGRO_SALAK2_DSC03605.jpg', 92),
(354, 'KEBUN_TEH_WONOSARI5_DSC03079.jpg', 50),
(355, 'AGRO_SALAK3_DSC03617.jpg', 92),
(356, 'BEDENGAN1__DSC2814.jpg', 104),
(357, 'BEDENGAN3_DSC03403.jpg', 104),
(358, 'BEDENGAN4_DSC03404.jpg', 104),
(360, 'BONDERLAND1_DSC03713.jpg', 93),
(361, 'BONDERLAND2_DSC03714.jpg', 93),
(362, 'BONDERLAND3_DSC03718.jpg', 93),
(363, 'BONDERLAND4_DSC03724.jpg', 93),
(364, 'BONDERLAND5_DSC03727.jpg', 93),
(365, 'CANDI_BADUT1_DSC03547.jpg', 97),
(366, 'CANDI_BADUT2_DSC03549.jpg', 97),
(367, 'PANTAI_BAJULMATI1_DSC02844.jpg', 25),
(368, 'CANDI_BADUT3_DSC03550.jpg', 97),
(369, 'PANTAI_BAJULMATI2_DSC02847.jpg', 25),
(370, 'CANDI_BADUT4_DSC03551.jpg', 97),
(371, 'CANDI_BADUT5_DSC03555.jpg', 97),
(372, 'PANTAI_BAJULMATI3_DSC02856.jpg', 25),
(373, 'PANTAI_BAJULMATI5_DSC02860.jpg', 25),
(374, 'CANDI_SUMBERAWAN1_DSC04156.jpg', 96),
(375, 'CANDI_SUMBERAWAN2_DSC04157.jpg', 96),
(377, 'CANDI_SUMBERAWAN3_DSC04160.jpg', 96),
(379, 'CANDI_SUMBERAWAN4_DSC04162.jpg', 96),
(380, 'CANDI_SUMBERAWAN5_DSC04168.jpg', 96),
(381, 'PANTAI_TAMBAN1_DSC03977.jpg', 87),
(382, 'PANTAI_TAMBAN2_DSC03978.jpg', 87),
(383, 'COBAN_BIDADARI1_DSC04201.jpg', 107),
(384, 'PANTAI_TAMBAN3_DSC03984.jpg', 87),
(386, 'COBAN_BIDADARI2_DSC04202.jpg', 107),
(387, 'PANTAI_TAMBAN4_DSC03986.jpg', 87),
(389, 'COBAN_BIDADARI3_DSC04214.jpg', 107),
(391, 'COBAN_BIDADARI4_DSC04224.jpg', 107),
(392, 'COBAN_BIDADARI5_DSC04226.jpg', 107),
(393, 'PANTAI_GATRA1_DSC04054.jpg', 78),
(394, 'PANTAI_GATRA2_DSC04055.jpg', 78),
(395, 'PANTAI_TIGA_WARNA1_DSC04016.jpg', 88),
(396, 'PANTAI_GATRA3_DSC04061.jpg', 78),
(397, 'PANTAI_GATRA4_DSC04064.jpg', 78),
(398, 'PANTAI_TIGA_WARNA2_DSC04030.jpg', 88),
(399, 'PANTAI_GATRA5_DSC04073.jpg', 78),
(400, 'PANTAI_TIGA_WARNA3_DSC04031.jpg', 88),
(401, 'COBAN_JAHE1_DSC04893.jpg', 108),
(402, 'PANTAI_TIGA_WARNA4_DSC04040.jpg', 88),
(403, 'COBAN_JAHE2_DSC04895.jpg', 108),
(404, 'PANTAI_TIGA_WARNA5_DSC04043.jpg', 88),
(405, 'COBAN_JAHE3_DSC04898.jpg', 108),
(406, 'PANTAI_GOA_CINA1_DSC03908.jpg', 79),
(407, 'COBAN_JAHE4_DSC04910.jpg', 108),
(408, 'PANTAI_GOA_CINA2_DSC03909.jpg', 79),
(409, 'COBAN_JAHE5_DSC04915.jpg', 108),
(410, 'PANTAI_GOA_CINA3_DSC03912.jpg', 79),
(411, 'PANTAI_GOA_CINA4_DSC03923.jpg', 79),
(412, 'PANTAI_GOA_CINA5_DSC03924.jpg', 79),
(413, 'PANTAI_UNGAPAN1_DSC03884.jpg', 89),
(414, 'PANTAI_UNGAPAN2_DSC03886.jpg', 89),
(415, 'PANTAI_UNGAPAN3_DSC03887.jpg', 89),
(416, 'PANTAI_UNGAPAN4_DSC03890.jpg', 89),
(417, 'COBAN_PELANGI1__DSC2765.jpg', 109),
(418, 'PANTAI_UNGAPAN5_DSC03891.jpg', 89),
(419, 'PANTAI_JEMBATAN_PANJANG1_P1360115.jpg', 80),
(420, 'COBAN_PELANGI2__DSC2768.jpg', 109),
(421, 'COBAN_PELANGI3_DSC03298.jpg', 109),
(422, 'PANTAI_LENGGOKSONO1_DSC04124.jpg', 81),
(423, 'COBAN_PELANGI4_DSC03303.jpg', 109),
(424, 'PANTAI_LENGGOKSONO2_DSC04133.jpg', 81),
(425, 'COBAN_PELANGI5_DSC03304.jpg', 109),
(426, 'PANTAI_LENGGOKSONO3_DSC04141.jpg', 81),
(427, 'PANTAI_LENGGOKSONO4_DSC04143.jpg', 81),
(428, 'PANTAI_LENGGOKSONO5_DSC04149.jpg', 81),
(429, 'PANTAI_WEDI_AWU1_DJI_0272.jpg', 90),
(430, 'COBAN_RONDO1__DSC2664.jpg', 110),
(431, 'PANTAI_WEDI_AWU2_DSC04105.jpg', 90),
(432, 'COBAN_RONDO2__DSC2673.jpg', 110),
(433, 'PANTAI_WEDI_AWU3_DSC04106.jpg', 90),
(434, 'COBAN_RONDO4_DJI_0112.jpg', 110),
(435, 'PANTAI_WEDI_AWU5_DSC04112.jpg', 90),
(436, 'COBAN_RONDO5_DSC03177.jpg', 110),
(437, 'PANTAI_NGANTEB1_DSC03829.jpg', 77),
(438, 'PANTAI_NGANTEB2_DSC03831.jpg', 77),
(439, 'PANTAI_NGANTEB3_DSC03835.jpg', 77),
(440, 'PANTAI_NGANTEB4_DSC03838.jpg', 77),
(441, 'PANTAI_NGANTEB5_DSC03845.jpg', 77),
(442, 'BOONPRING1_DSC02636.jpg', 111),
(443, 'BOONPRING2_DSC02648.jpg', 111),
(444, 'BOONPRING3_DSC02650.jpg', 111),
(445, 'BOONPRING4_DSC02659.jpg', 111),
(447, 'BOONPRING5_DSC02660.jpg', 111),
(448, 'PEMANDIAN_KENDEDES1__DSC2632.jpg', 117),
(449, 'PEMANDIAN_KENDEDES2__DSC2633.jpg', 117),
(450, 'PANTAI_NGUDEL1_DSC02748.jpg', 82),
(451, 'PEMANDIAN_KENDEDES3__DSC2636.jpg', 117),
(452, 'PANTAI_NGUDEL2_DSC02751.jpg', 82),
(453, 'PEMANDIAN_KENDEDES4_DSC03019.jpg', 117),
(454, 'PANTAI_NGUDEL3_DSC02759.jpg', 82),
(455, 'PANTAI_NGUDEL4_DSC02768.jpg', 82),
(456, 'PEMANDIAN_KENDEDES5_DSC03020.jpg', 117),
(457, 'PANTAI_NGUDEL5_DSC02772.jpg', 82),
(458, 'COBAN_SUMBERPITU5_DSC03251.jpg', 101),
(459, 'PANTAI_PARANGDOWO1_DSC03867.jpg', 83),
(460, 'PANTAI_PARANGDOWO2_DSC03869.jpg', 83),
(461, 'PANTAI_PARANGDOWO3_DSC03876.jpg', 83),
(462, 'PANTAI_PARANGDOWO4_DSC03880.jpg', 83),
(463, 'PANTAI_PARANGDOWO5_DSC03883.jpg', 83),
(464, 'DESA_WISATA_PUJON_KIDUL1_DSC02363.jpg', 9),
(465, 'DESA_WISATA_PUJON_KIDUL2_DSC02366.jpg', 9),
(467, 'DESA_WISATA_PUJON_KIDUL3_DSC02369.jpg', 9),
(469, 'WISATA_RELIGI_SUMUR_PITU1_DSC03807.jpg', 99),
(470, 'DESA_WISATA_PUJON_KIDUL4_DSC02399.jpg', 9),
(472, 'WISATA_RELIGI_SUMUR_PITU2_DSC03809.jpg', 99),
(473, 'DESA_WISATA_PUJON_KIDUL5_DSC02400.jpg', 9),
(476, 'WISATA_RELIGI_SUMUR_PITU3_DSC03810.jpg', 99),
(477, 'WISATA_RELIGI_SUMUR_PITU4_DSC03816.jpg', 99),
(478, 'WISATA_RELIGI_SUMUR_PITU5_DSC03819.jpg', 99),
(479, 'WENDIT1_DSC03325.jpg', 98),
(480, 'WENDIT2_DSC03328.jpg', 98),
(481, 'WENDIT3_DSC03332.jpg', 98),
(482, 'PANTAI_SENDIKI1_DSC03936.jpg', 85),
(483, 'WENDIT4_DSC03337.jpg', 98),
(484, 'PANTAI_SENDIKI2_DSC03938.jpg', 85),
(485, 'WENDIT5_DSC03346.jpg', 98),
(486, 'PANTAI_SENDIKI3_DSC03950.jpg', 85),
(487, 'PANTAI_SENDIKI4_DSC03955.jpg', 85),
(488, 'PANTAI_SENDIKI5_DSC03958.jpg', 85),
(489, 'HUTAN_PINUS_SEMERU1_DSC03748.jpg', 113),
(490, 'PANTAI_SENDANGBIRU1_DSC04081.jpg', 84),
(491, 'PANTAI_SENDANGBIRU2_DSC04082.jpg', 84),
(492, 'PANTAI_SENDANGBIRU3_DSC04083.jpg', 84),
(493, 'HUTAN_PINUS_SEMERU2_DSC03749.jpg', 113),
(494, 'PANTAI_SENDANGBIRU4_DSC04085.jpg', 84),
(495, 'PANTAI_SENDANGBIRU5_DSC04090.jpg', 84),
(496, 'WADUK_SELOREJO1_DSC02432.jpg', 105),
(497, 'HUTAN_PINUS_SEMERU3_DSC03755.jpg', 113),
(498, 'WADUK_SELOREJO3_DSC02507.jpg', 105),
(499, 'HUTAN_PINUS_SEMERU4_DSC03757.jpg', 113),
(500, 'WADUK_SELOREJO4_DSC02513.jpg', 105),
(501, 'HUTAN_PINUS_SEMERU5_DSC03768.jpg', 113),
(502, 'WADUK_SELOREJO5_DSC02519.jpg', 105),
(503, 'PANTAI_SIPELOT1_DSC04095.jpg', 86),
(504, 'PANTAI_SIPELOT2_DSC04096.jpg', 86),
(505, 'PANTAI_SIPELOT3_DSC04097.jpg', 86),
(506, 'PANTAI_SIPELOT4_DSC04101.jpg', 86),
(507, 'PANTAI_SIPELOT5_DSC04103.jpg', 86),
(508, 'KAMPUNG_RIVER_TUBING_PAMOTAN1_DSC03791.jpg', 114),
(509, 'SUMBER_JENON1_DSC03595.jpg', 120),
(510, 'KAMPUNG_RIVER_TUBING_PAMOTAN2_DSC03792.jpg', 114),
(511, 'SUMBER_JENON2_DSC03599.jpg', 120),
(512, 'KAMPUNG_RIVER_TUBING_PAMOTAN3_IMG_20170826_154229_659.jpg', 114),
(513, 'SUMBER_JENON3_DSC03600.jpg', 120),
(514, 'SUMBER_JENON4_DSC03601.jpg', 120),
(515, 'SUMBER_JENON5_DSC03603.jpg', 120),
(516, 'KARANGKATES1_DSC02928.jpg', 106),
(517, 'KARANGKATES2_DSC02932.jpg', 106),
(518, 'KARANGKATES3_DSC02939.jpg', 106),
(519, 'KARANGKATES4_DSC02941.jpg', 106),
(520, 'KARANGKATES5_DSC02952.jpg', 106),
(521, 'SUMBER_SIRAH1_DSC02585.jpg', 121),
(522, 'SUMBER_SIRAH2_DSC02590.jpg', 121),
(523, 'SUMBER_SIRAH3_DSC02591.jpg', 121),
(524, 'MASJID_TIBAN3_DSC02627.jpg', 8),
(525, 'SUMBER_SIRAH4_DSC02593.jpg', 121),
(526, 'MASJID_TIBAN4_DSC02628.jpg', 8),
(527, 'SUMBER_SIRAH5_DSC02596.jpg', 121),
(528, 'MASJID_TIBAN5_DSC02635.jpg', 8),
(529, 'HAWAI_WATERPARK1_DSC03586.jpg', 94),
(530, 'HAWAI_WATERPARK2_DSC03588.jpg', 94),
(531, 'HAWAI_WATERPARK3_DSC03590.jpg', 94),
(532, 'HAWAI_WATERPARK4_DSC03593.jpg', 94),
(533, 'HAWAI_WATERPARK5_DSC03594.jpg', 94),
(534, 'SUMBER_TAMAN1_DSC03621.jpg', 122),
(535, 'SUMBER_TAMAN2_DSC03623.jpg', 122),
(536, 'SUMBER_TAMAN3_DSC03625.jpg', 122),
(537, 'SUMBER_TAMAN4_DSC03628.jpg', 122),
(538, 'SUMBER_TAMAN5_DSC03629.jpg', 122),
(539, 'SUMBER_AIR_KRABYAKAN1_DSC03089.jpg', 125),
(540, 'PADEPOKAN_ASMARA_BANGUN1__DSC2829.jpg', 65),
(541, 'SUMBER_AIR_KRABYAKAN2_DSC03096.jpg', 125),
(542, 'PADEPOKAN_ASMARA_BANGUN2_DSC03426.jpg', 65),
(543, 'PADEPOKAN_ASMARA_BANGUN3_DSC03429.jpg', 65),
(544, 'SUMBER_AIR_KRABYAKAN3_DSC03098.jpg', 125),
(545, 'PADEPOKAN_ASMARA_BANGUN4_DSC03436.jpg', 65),
(546, 'SUMBER_AIR_KRABYAKAN4_DSC03110.jpg', 125),
(547, 'PADEPOKAN_ASMARA_BANGUN5_DSC03464.jpg', 65),
(548, 'SUMBER_AIR_KRABYAKAN5_DSC03112.jpg', 125),
(549, 'NDAYUNG_RAFTING1_DSC03284.jpg', 116),
(550, 'NDAYUNG_RAFTING2_DSC03286.jpg', 116),
(551, 'NDAYUNG_RAFTING3_DSC03287.jpg', 116),
(552, 'P-WEC1_DSC03557.jpg', 95),
(553, 'NDAYUNG_RAFTING4_DSC03291.jpg', 116),
(554, 'NDAYUNG_RAFTING5_DSC03293.jpg', 116),
(555, 'P-WEC2_DSC03559.jpg', 95),
(556, 'P-WEC3_DSC03561.jpg', 95),
(557, 'P-WEC4_DSC03563.jpg', 95),
(558, 'P-WEC5_DSC03566.jpg', 95),
(559, 'LEMBAH_TUMPANG1_DSC03198.jpg', 115),
(560, 'DESA_WISATA_NGADAS1_DSC04175.jpg', 100),
(561, 'PETERNAKAN_LEBAH_RIMBA_RAYA1__DSC2641.jpg', 118),
(562, 'LEMBAH_TUMPANG2_DSC03200.jpg', 115),
(563, 'DESA_WISATA_NGADAS2_DSC04178.jpg', 100),
(564, 'LEMBAH_TUMPANG3_DSC03208.jpg', 115),
(565, 'DESA_WISATA_NGADAS3_DSC04179.jpg', 100),
(566, 'PETERNAKAN_LEBAH_RIMBA_RAYA3_DSC03048.jpg', 118),
(567, 'LEMBAH_TUMPANG4_DSC03218.jpg', 115),
(568, 'PETERNAKAN_LEBAH_RIMBA_RAYA4_DSC03049.jpg', 118),
(569, 'DESA_WISATA_NGADAS4_DSC04182.jpg', 100),
(570, 'LEMBAH_TUMPANG5_DSC03223.jpg', 115),
(571, 'DESA_WISATA_NGADAS5_DSC04187.jpg', 100),
(572, 'PETERNAKAN_LEBAH_RIMBA_RAYA5_DSC03061.jpg', 118),
(573, 'SENGKALING1__DSC2801.jpg', 30),
(574, 'SENGKALING2_DSC03366.jpg', 30),
(575, 'SENGKALING3_DSC03379.jpg', 30),
(576, 'SENGKALING4_DSC03388.jpg', 30),
(577, 'SENGKALING5_DSC03390.jpg', 30),
(578, 'WISATA_PETIK_JERUK_DAU1_DSC03567.jpg', 91),
(579, 'WISATA_PETIK_JERUK_DAU2_DSC03568.jpg', 91),
(581, 'WISATA_PETIK_JERUK_DAU3_DSC03569.jpg', 91),
(582, 'LEDOK_AMPRONG_TUBING1__DSC2739.jpg', 124),
(583, 'LEDOK_AMPRONG_TUBING2__DSC2743.jpg', 124),
(584, 'LEDOK_AMPRONG_TUBING3_DSC03268.jpg', 124),
(585, 'WISATA_PETIK_JERUK_DAU4_DSC03571.jpg', 91),
(586, 'LEDOK_AMPRONG_TUBING4_DSC03275.jpg', 124),
(587, 'WISATA_PETIK_JERUK_DAU5_DSC03572.jpg', 91),
(588, 'LEDOK_AMPRONG_TUBING5_DSC03277.jpg', 124),
(589, 'LEMBAH_DIENG1_DSC03535.jpg', 123),
(590, 'LEMBAH_DIENG2_DSC03540.jpg', 123),
(591, 'LEMBAH_DIENG3_DSC03541.jpg', 123),
(592, 'LEMBAH_DIENG5_DSC03546.jpg', 123),
(593, 'TNBTS1_DJI_0042.jpg', 112),
(594, 'TNBTS2_DJI_0069.jpg', 112),
(595, 'TNBTS3_DSC04382.jpg', 112),
(596, 'TNBTS4_DSC04391.jpg', 112),
(597, 'TNBTS5_DSC04415.jpg', 112),
(598, 'SALAK_4.PNG', 92),
(599, 'SALAK_5.PNG', 92),
(600, 'bedengan1.jpg', 104),
(601, 'bedengan2.jpg', 104),
(602, 'LEMBAH_DIENG_1.PNG', 123),
(603, 'PAMOTAN_1.PNG', 114),
(604, 'coban_rondo.jpg', 110),
(605, 'PAMOTAN_2.PNG', 114),
(606, 'PANTAI_TAMBAN.PNG', 87),
(607, 'jembatan_panjang1.jpg', 80),
(608, 'jembatan_panjang2.jpg', 80),
(609, 'jembatan_panjang3.jpg', 80),
(610, 'jembatan_panjang4.jpg', 80),
(611, 'RIMBA_RAYA.PNG', 118),
(612, 'SELOREJO.PNG', 105),
(613, 'SUMBER_MARON.PNG', 102),
(614, 'WEDI_AWU.PNG', 90),
(615, 'CANDI_JAGO1_DSC02691.jpg', 15),
(616, 'CANDI_JAGO2_DSC02697.jpg', 15),
(617, 'CANDI_JAGO3_DSC02704.jpg', 15),
(618, 'CANDI_JAGO4_DSC02710.jpg', 15),
(619, 'CANDI_JAGO5_DSC02715.jpg', 15),
(620, 'GUNUNG_KAWI1_DSC02978.jpg', 35),
(621, 'GUNUNG_KAWI2_DSC02993.jpg', 35),
(622, 'GUNUNG_KAWI3_DSC02994.jpg', 35),
(623, 'GUNUNG_KAWI4_DSC02999.jpg', 35),
(624, 'GUNUNG_KAWI5_DSC03001.jpg', 35),
(625, 'GUNUNG_KAWI1_DSC02978.jpg', 39),
(626, 'GUNUNG_KAWI2_DSC02993.jpg', 39),
(627, 'GUNUNG_KAWI3_DSC02994.jpg', 39),
(628, 'GUNUNG_KAWI4_DSC02999.jpg', 39),
(629, 'GUNUNG_KAWI5_DSC03001.jpg', 39),
(630, 'PANTAI_BAJULMATI4_DSC02859.jpg', 25),
(631, 'PANTAI_BALEKAMBANG1_DSC02882.jpg', 29),
(632, 'PANTAI_BALEKAMBANG2_DSC02892.jpg', 29),
(633, 'PANTAI_BALEKAMBANG3_DSC02897.jpg', 29),
(634, 'PANTAI_BALEKAMBANG4_DSC02907.jpg', 29),
(635, 'PANTAI_BALEKAMBANG5_DSC02919.jpg', 29),
(636, 'PANTAI_BATU_BENGKUNG1_DSC02777.jpg', 23),
(637, 'PANTAI_BATU_BENGKUNG2_DSC02782.jpg', 23),
(638, 'PANTAI_BATU_BENGKUNG3_DSC02824.jpg', 23),
(639, 'PANTAI_BATU_BENGKUNG4_DSC02825.jpg', 23),
(640, 'PANTAI_BATU_BENGKUNG5_DSC02843.jpg', 23),
(641, 'PANTAI_NGLIYEP1_DSC02718.jpg', 18),
(642, 'PANTAI_NGLIYEP2_DSC02720.jpg', 18),
(643, 'PANTAI_NGLIYEP3_DSC02728.jpg', 18),
(644, 'PANTAI_NGLIYEP4_DSC02730.jpg', 18),
(645, 'PANTAI_NGLIYEP5_DSC02736.jpg', 18);

-- --------------------------------------------------------

--
-- Table structure for table `grafik`
--

CREATE TABLE IF NOT EXISTS `grafik` (
  `id` int(11) NOT NULL AUTO_INCREMENT,
  `bulan` varchar(20) DEFAULT NULL,
  `nilai` int(5) DEFAULT NULL,
  `kode` int(2) DEFAULT NULL,
  `tahun` int(11) NOT NULL,
  `pendapatan` double NOT NULL,
  PRIMARY KEY (`id`)
) ENGINE=InnoDB  DEFAULT CHARSET=latin1 AUTO_INCREMENT=25 ;

--
-- Dumping data for table `grafik`
--

INSERT INTO `grafik` (`id`, `bulan`, `nilai`, `kode`, `tahun`, `pendapatan`) VALUES
(1, 'Januari', 23, 0, 2018, 10),
(2, 'Februari', 55, 0, 2018, 0),
(3, 'Maret', 67, 0, 2018, 0),
(4, 'April', 80, 0, 2018, 0),
(5, 'Mei', 82, 0, 2018, 0),
(6, 'Juni', 87, 0, 2018, 0),
(7, 'Juli', 89, 0, 2018, 0),
(8, 'Agustus', 92, 0, 2018, 0),
(9, 'September', 65, 0, 2018, 0),
(10, 'Oktober', 78, 0, 2018, 0),
(11, 'November', 90, 0, 2018, 0),
(12, 'Desember', 99, 0, 2018, 0),
(13, 'Januari', 15, 1, 2018, 10),
(14, 'Februari', 35, 1, 2017, 0),
(15, 'Maret', 47, 1, 2018, 0),
(16, 'April', 50, 1, 2018, 0),
(17, 'Mei', 62, 1, 2018, 0),
(18, 'Juni', 77, 1, 2018, 0),
(19, 'Juli', 49, 1, 2018, 0),
(20, 'Agustus', 52, 1, 2017, 0),
(21, 'September', 65, 1, 2018, 0),
(22, 'Oktober', 78, 1, 2018, 0),
(23, 'November', 80, 1, 2018, 0),
(24, 'Desember', 89, 1, 2018, 0);

-- --------------------------------------------------------

--
-- Table structure for table `info`
--

CREATE TABLE IF NOT EXISTS `info` (
  `info_tahun` int(11) NOT NULL AUTO_INCREMENT,
  `info_jum_lokal` int(11) NOT NULL,
  `info_jum_manca` int(11) NOT NULL,
  `info_pendapatan` int(11) NOT NULL,
  PRIMARY KEY (`info_tahun`)
) ENGINE=InnoDB  DEFAULT CHARSET=latin1 AUTO_INCREMENT=2018 ;

--
-- Dumping data for table `info`
--

INSERT INTO `info` (`info_tahun`, `info_jum_lokal`, `info_jum_manca`, `info_pendapatan`) VALUES
(2017, 2000000, 790000, 1000000000);

-- --------------------------------------------------------

--
-- Table structure for table `kategori`
--

CREATE TABLE IF NOT EXISTS `kategori` (
  `kategori_id` int(11) NOT NULL AUTO_INCREMENT,
  `kategori_nama` text NOT NULL,
  `kategori_icon` text NOT NULL,
  PRIMARY KEY (`kategori_id`)
) ENGINE=InnoDB  DEFAULT CHARSET=latin1 AUTO_INCREMENT=14 ;

--
-- Dumping data for table `kategori`
--

INSERT INTO `kategori` (`kategori_id`, `kategori_nama`, `kategori_icon`) VALUES
(1, 'Alam', 'alam.png'),
(2, 'Budaya', 'budaya.png'),
(3, 'Sejarah', 'sejarah.png'),
(4, 'Pendidikan', 'education.png'),
(5, 'Pertanian', 'pertanian.png'),
(6, 'Religi', 'religi.png'),
(7, 'Bahari', 'bahari.png'),
(8, 'Kuliner', 'kuliner.png');

-- --------------------------------------------------------

--
-- Table structure for table `kategori_wisata`
--

CREATE TABLE IF NOT EXISTS `kategori_wisata` (
  `wisata_id` int(11) NOT NULL DEFAULT '0',
  `kategori_id` int(11) NOT NULL DEFAULT '0',
  PRIMARY KEY (`wisata_id`,`kategori_id`),
  KEY `kategori_id` (`kategori_id`)
) ENGINE=InnoDB DEFAULT CHARSET=latin1;

-- --------------------------------------------------------

--
-- Table structure for table `komentar`
--

CREATE TABLE IF NOT EXISTS `komentar` (
  `komentar_id` int(11) NOT NULL AUTO_INCREMENT,
  `komentar_ip` text NOT NULL,
  `komentar_deskripsi` text NOT NULL,
  `komentar_tgl` date NOT NULL,
  `komentar_nilai_rating` double NOT NULL,
  `wisata_id` int(11) NOT NULL,
  PRIMARY KEY (`komentar_id`)
) ENGINE=InnoDB  DEFAULT CHARSET=latin1 AUTO_INCREMENT=44 ;

--
-- Dumping data for table `komentar`
--

INSERT INTO `komentar` (`komentar_id`, `komentar_ip`, `komentar_deskripsi`, `komentar_tgl`, `komentar_nilai_rating`, `wisata_id`) VALUES
(10, '36.82.10.133', 'mantap', '2017-11-21', 5, 30),
(11, '125.164.19.90', '', '2017-11-24', 5, 9),
(12, '103.213.131.14', '', '2017-11-26', 5, 47),
(13, '103.213.131.14', 'Ok', '2017-11-26', 5, 47),
(14, '103.213.131.14', 'Sip', '2017-11-26', 5, 18),
(16, '103.213.131.14', 'Keren', '2017-11-26', 5, 9),
(21, '103.213.128.80', 'Tes', '2017-12-31', 5, 23),
(22, '103.213.128.80', 'Tes', '2017-12-31', 5, 23),
(25, '', '', '2018-01-02', 5, 47),
(26, '112.215.240.48', 'tes', '2018-01-02', 5, 25),
(27, '', '', '2018-01-04', 5, 47),
(29, '202.67.46.247', '', '2018-01-04', 4, 9),
(30, '108.177.6.52', 'text', '2018-01-05', 0, 29),
(31, '108.177.7.81', '', '2018-01-05', 5, 9),
(32, '108.177.6.59', 'ttte', '2018-01-05', 0, 9),
(33, '103.213.128.180', 'cozy places', '2018-01-06', 5, 49),
(34, '103.213.128.180', 'cozy', '2018-01-06', 5, 49),
(35, '103.213.128.180', 'ff', '2018-01-06', 5, 9),
(36, '103.213.128.180', 'fd', '2018-01-06', 4, 18),
(37, '103.213.128.180', '', '2018-01-06', 1, 25),
(38, '103.213.128.180', 'fff', '2018-01-06', 3, 30),
(39, '103.213.128.180', 'tes', '2018-01-06', 3, 97),
(40, '103.213.128.180', 'ess', '2018-01-06', 3, 15),
(41, '103.213.128.180', 'essd', '2018-01-06', 3, 15),
(42, '103.213.128.180', 'essd', '2018-01-06', 5, 15),
(43, '103.213.128.180', 'tes', '2018-01-06', 4, 8);

-- --------------------------------------------------------

--
-- Table structure for table `kontak`
--

CREATE TABLE IF NOT EXISTS `kontak` (
  `id_kontak` int(11) NOT NULL AUTO_INCREMENT,
  `kontak_lat` varchar(100) DEFAULT NULL,
  `kontak_long` varchar(100) DEFAULT NULL,
  `kontak_deskripsi` text,
  `kontak_judul` varchar(30) DEFAULT NULL,
  `kontak_title_meta` varchar(200) DEFAULT NULL,
  `kontak_deskripsi_meta` text,
  `kontak_keyword_meta` varchar(200) DEFAULT NULL,
  PRIMARY KEY (`id_kontak`)
) ENGINE=InnoDB  DEFAULT CHARSET=latin1 AUTO_INCREMENT=2 ;

--
-- Dumping data for table `kontak`
--

INSERT INTO `kontak` (`id_kontak`, `kontak_lat`, `kontak_long`, `kontak_deskripsi`, `kontak_judul`, `kontak_title_meta`, `kontak_deskripsi_meta`, `kontak_keyword_meta`) VALUES
(1, '-7.893785', '112.666007', '<p><span style="color: #222222; font-family: arial, sans-serif; font-size: 13px;">Jl. Jend. Ahmad Yani Utara No.348b, Purwodadi, Blimbing, Malang City, East Java 65126</span></p>\r\n<p>Telepon : (0341) 408788</p>\r\n<p><span class="contact-info">Email :&nbsp;kominfo@malangkab.go.id</span></p>', 'Dinas Komunikasi dan Informati', 'Hotel Viride', '<p><span class="contact-info">Address: <em>322 Moon St, Venice Italy, 1231</em></span><br /><span class="contact-info">Phone: <em>0039 12345 6789</em></span><br /><span class="contact-info">Email: <a href="#"><em>hello@viride.com</em></a></span></p>', 'Hotel Viride');

-- --------------------------------------------------------

--
-- Table structure for table `language`
--

CREATE TABLE IF NOT EXISTS `language` (
  `phrase_id` int(11) NOT NULL AUTO_INCREMENT,
  `phrase` longtext COLLATE utf8_unicode_ci NOT NULL,
  `english` longtext COLLATE utf8_unicode_ci NOT NULL,
  `indonesian` longtext COLLATE utf8_unicode_ci NOT NULL,
  PRIMARY KEY (`phrase_id`)
) ENGINE=MyISAM  DEFAULT CHARSET=utf8 COLLATE=utf8_unicode_ci AUTO_INCREMENT=247 ;

--
-- Dumping data for table `language`
--

INSERT INTO `language` (`phrase_id`, `phrase`, `english`, `indonesian`) VALUES
(1, 'Beranda', 'Home', 'Beranda'),
(2, 'Destinasi Wisata', 'Travel Destinations', 'Destinasi Wisata'),
(3, 'Event Wisata', 'Tour Event', 'Event Wisata'),
(4, 'Berita', 'News', 'Berita'),
(5, 'Tentang Kami', 'About Us', 'Tentang Kami'),
(6, 'Kontak Kami', 'Contact Us', 'Kontak Kami'),
(7, 'Terdapat Lebih dari <a href="#">238 Tempat Wisata</a> Menunggu Anda', 'More than <a href="#"> 238 Places of Interest </a> Waiting for you', 'Terdapat Lebih dari <a href="#">238 Tempat Wisata</a> Menunggu Anda'),
(8, 'Destinasi Wisata Lainnya', '\r\nOther Travel Destinations', 'Destinasi Wisata Lainnya'),
(31, 'Pilih Bahasa', 'Select Language', 'Pilih Bahasa'),
(9, 'Baca Selengkapnya', '\r\nRead more', 'Baca Selengkapnya'),
(10, 'Sekilas Pandang', '\r\nOverview', 'Sekilas Pandang'),
(11, 'Kabupaten Malang adalah kabupaten terluas kedua di Jawa Timur setelah Kabupaten Banyuwangi dan merupakan kabupaten dengan populasi terbesar di Jawa Timur. Ibu kota Kabupaten Malang adalah Kepanjen.', '\r\nMalang Regency is the second largest regency in East Java after Banyuwangi Regency and is the largest population districts in East Java. The capital of Malang Regency is Kepanjen.', 'Kabupaten Malang adalah kabupaten terluas kedua di Jawa Timur setelah Kabupaten Banyuwangi dan merupakan kabupaten dengan populasi terbesar di Jawa Timur. Ibu kota Kabupaten Malang adalah Kepanjen.'),
(12, 'Jenis Wisata', '\r\nTour Type', 'Jenis Wisata'),
(13, 'Alam', 'Natural', 'Alam'),
(14, 'Budaya', 'Culture', 'Budaya'),
(15, 'Sejarah', 'History', 'Sejarah'),
(16, 'Pendidikan', 'Education', 'Pendidikan'),
(17, 'Pertanian', '\r\nAgriculture', 'Pertanian'),
(18, 'Religi', '\r\nReligion', 'Religi'),
(19, 'Bahari', 'Nautical', 'Bahari'),
(20, 'Kuliner', '\r\nCulinary', 'Kuliner'),
(21, 'Wahana', 'Rides', 'Wahana'),
(22, 'Cari Berita', 'Search News', 'Cari Berita'),
(23, 'Direktori Berita', 'News Directory', 'Direktori Berita'),
(24, 'Tags Berita', 'News Tags', 'Tags Berita'),
(25, 'Selengkapnya', 'Learn more\r\n', 'Selengkapnya'),
(26, 'Semua', 'All', 'Semua'),
(27, 'Cari Event', '\r\nSearch Event', 'Cari Event'),
(28, 'Direktori Event', '\r\nEvent Directory', 'Direktori Event'),
(29, 'Tags Event', '\r\nEvent Tags', 'Tags Event'),
(30, 'Masukkan Kata', '\r\nEnter a word', 'Masukkan Kata'),
(32, 'Masukkan Nama Event', 'Enter Event Name', 'Masukkan Nama Event'),
(33, 'Masukkan Destinasi Wisata', '\r\nEnter Tour Destinations', 'Masukkan Destinasi Wisata'),
(34, 'Tags Destinasi Wisata', '\r\nTags Travel Destinations', 'Tags Destinasi Wisata'),
(35, 'Fasilitas Wisata', 'Tour Facility', 'Fasilitas Wisata'),
(36, 'Fasilitas Pendukung', '\r\nSupporting Facilities', 'Fasilitas Pendukung'),
(37, 'Masukkan Destinasi Wisata', '\r\nEnter Tour Destinations', 'Masukkan Destinasi Wisata'),
(38, 'Kami ingin mengenal Anda', 'We want to know you', 'Kami ingin mengenal Anda'),
(39, 'Pariwisata Kabupaten Malang', '\r\nTourism Malang Regency', 'Pariwisata Kabupaten Malang'),
(245, 'Terdapat Lebih dari', 'More than', 'Terdapat Lebih dari'),
(246, 'Tempat Wisata Menunggu Anda', 'Places to Stay Awaiting You', 'Tempat Wisata Menunggu Anda');

-- --------------------------------------------------------

--
-- Table structure for table `mainmenu`
--

CREATE TABLE IF NOT EXISTS `mainmenu` (
  `seq` int(11) NOT NULL AUTO_INCREMENT,
  `idmenu` int(11) NOT NULL,
  `nama_menu` varchar(50) NOT NULL,
  `active_menu` varchar(50) NOT NULL,
  `icon_class` varchar(50) NOT NULL,
  `link_menu` varchar(50) NOT NULL,
  `menu_akses` varchar(12) NOT NULL,
  `entry_date` timestamp NULL DEFAULT CURRENT_TIMESTAMP ON UPDATE CURRENT_TIMESTAMP,
  `entry_user` varchar(50) DEFAULT NULL,
  PRIMARY KEY (`seq`)
) ENGINE=MyISAM  DEFAULT CHARSET=latin1 AUTO_INCREMENT=19 ;

--
-- Dumping data for table `mainmenu`
--

INSERT INTO `mainmenu` (`seq`, `idmenu`, `nama_menu`, `active_menu`, `icon_class`, `link_menu`, `menu_akses`, `entry_date`, `entry_user`) VALUES
(1, 1, 'Dashboard', '', 'menu-icon fa fa-dashboard', 'Dashboard', '', '2017-10-19 15:48:01', NULL),
(2, 2, 'Berita', '', 'menu-icon fa fa-credit-card', 'C_berita', '', '2017-10-25 03:10:59', NULL),
(3, 3, 'Event', '', 'menu-icon fa fa-calendar', 'C_event', '', '2017-10-25 03:11:02', NULL),
(4, 4, 'Wisata', '', 'menu-icon fa fa-binoculars', '#', '', '2017-10-25 03:10:55', NULL),
(6, 6, 'About', '', 'menu-icon fa fa-newspaper-o', 'About', '', '2017-11-01 18:30:17', NULL),
(5, 5, 'Wahana', '', 'menu-icon fa fa-automobile', 'Wahana', '', '2017-10-29 18:28:17', NULL),
(7, 7, 'Kontak', '', 'menu-icon fa fa-book', 'Kontak', '', '2017-11-01 19:03:49', NULL),
(8, 8, 'User', '', 'menu-icon fa fa-user', 'User', '', '2017-12-06 05:53:46', NULL),
(9, 9, 'Setup Web', '', 'menu-icon fa fa-cogs', '#', '', '2017-12-11 09:58:45', NULL),
(10, 10, 'Grafik', '', 'menu-icon fa fa-bar-chart', '#', '', '2017-12-11 12:07:33', NULL),
(11, 11, 'Pendapatan', '', 'menu-icon fa fa-money', 'Pendapatan', '', '2017-12-11 23:26:43', NULL);

-- --------------------------------------------------------

--
-- Table structure for table `submenu`
--

CREATE TABLE IF NOT EXISTS `submenu` (
  `id_sub` int(11) NOT NULL AUTO_INCREMENT,
  `nama_sub` varchar(50) NOT NULL,
  `mainmenu_idmenu` int(11) NOT NULL,
  `active_sub` varchar(20) NOT NULL,
  `icon_class` varchar(100) NOT NULL,
  `link_sub` varchar(70) NOT NULL,
  `sub_akses` varchar(12) NOT NULL,
  `entry_date` timestamp NOT NULL DEFAULT CURRENT_TIMESTAMP ON UPDATE CURRENT_TIMESTAMP,
  `entry_user` varchar(20) DEFAULT NULL,
  PRIMARY KEY (`id_sub`)
) ENGINE=MyISAM  DEFAULT CHARSET=latin1 AUTO_INCREMENT=7 ;

--
-- Dumping data for table `submenu`
--

INSERT INTO `submenu` (`id_sub`, `nama_sub`, `mainmenu_idmenu`, `active_sub`, `icon_class`, `link_sub`, `sub_akses`, `entry_date`, `entry_user`) VALUES
(1, 'Kategori Wisata', 4, '', '', 'Kategori', '', '2017-10-19 20:10:19', NULL),
(2, 'Fasilitas Wisata', 4, '', '', 'Fasilitas_wisata', '', '2017-10-29 15:08:01', NULL),
(3, 'Fasilitas Pendukung', 4, '', '', 'Fasilitas_pendukung', '', '2017-10-29 15:08:10', NULL),
(4, 'Set Up Content', 9, '', '', 'Setup', '', '2017-12-11 10:00:08', NULL),
(5, 'User Privillages', 9, '', '', 'User/user_maintenance', '', '2017-12-11 10:01:14', NULL),
(6, 'Grafik Wisatawan', 10, '', '', 'Grafik', '', '2017-12-11 12:08:35', NULL);

-- --------------------------------------------------------

--
-- Table structure for table `tab_akses_mainmenu`
--

CREATE TABLE IF NOT EXISTS `tab_akses_mainmenu` (
  `id` int(11) NOT NULL AUTO_INCREMENT,
  `id_menu` int(11) NOT NULL,
  `id_level` int(11) NOT NULL,
  `c` int(11) DEFAULT '0',
  `r` int(11) DEFAULT '0',
  `u` int(11) DEFAULT '0',
  `d` int(11) DEFAULT '0',
  `entry_date` timestamp NOT NULL DEFAULT CURRENT_TIMESTAMP ON UPDATE CURRENT_TIMESTAMP,
  `entry_user` varchar(50) NOT NULL,
  PRIMARY KEY (`id`)
) ENGINE=MyISAM  DEFAULT CHARSET=latin1 AUTO_INCREMENT=23 ;

--
-- Dumping data for table `tab_akses_mainmenu`
--

INSERT INTO `tab_akses_mainmenu` (`id`, `id_menu`, `id_level`, `c`, `r`, `u`, `d`, `entry_date`, `entry_user`) VALUES
(1, 1, 1, NULL, 1, NULL, NULL, '2017-09-25 16:49:01', 'direktur'),
(2, 2, 1, 0, 1, 0, 0, '2017-10-19 15:29:29', ''),
(3, 3, 1, 0, 1, 0, 0, '2017-10-19 16:39:59', ''),
(4, 4, 1, 0, 1, 0, 0, '2017-10-19 19:41:35', ''),
(5, 5, 1, 0, 1, 0, 0, '2017-10-29 18:21:31', ''),
(6, 6, 1, 0, 1, 0, 0, '2017-11-01 18:28:08', ''),
(7, 7, 1, 0, 1, 0, 0, '2017-11-01 19:03:55', ''),
(8, 8, 1, 0, 1, 0, 0, '2017-12-06 05:54:37', ''),
(9, 9, 1, 0, 1, 0, 0, '2017-12-11 09:59:05', ''),
(10, 10, 1, 0, 1, 0, 0, '2017-12-11 12:07:49', ''),
(11, 11, 1, 0, 1, 0, 0, '2017-12-11 23:27:11', '');

-- --------------------------------------------------------

--
-- Table structure for table `tab_akses_submenu`
--

CREATE TABLE IF NOT EXISTS `tab_akses_submenu` (
  `id` int(11) NOT NULL AUTO_INCREMENT,
  `id_sub_menu` int(11) NOT NULL,
  `id_level` int(11) NOT NULL,
  `c` int(11) DEFAULT '0',
  `r` int(11) DEFAULT '0',
  `u` int(11) DEFAULT '0',
  `d` int(11) DEFAULT '0',
  `entry_date` timestamp NOT NULL DEFAULT CURRENT_TIMESTAMP ON UPDATE CURRENT_TIMESTAMP,
  `entry_user` varchar(30) NOT NULL,
  PRIMARY KEY (`id`)
) ENGINE=MyISAM  DEFAULT CHARSET=latin1 AUTO_INCREMENT=7 ;

--
-- Dumping data for table `tab_akses_submenu`
--

INSERT INTO `tab_akses_submenu` (`id`, `id_sub_menu`, `id_level`, `c`, `r`, `u`, `d`, `entry_date`, `entry_user`) VALUES
(1, 1, 1, 0, 1, 0, 0, '2017-12-11 10:44:02', ''),
(2, 2, 1, 0, 1, 0, 0, '2017-10-19 20:11:54', ''),
(3, 3, 1, 0, 1, 0, 0, '2017-10-19 20:11:55', ''),
(4, 4, 1, 0, 1, 0, 0, '2017-12-11 10:02:00', ''),
(5, 5, 1, 0, 1, 0, 0, '2017-12-11 10:02:00', ''),
(6, 6, 1, 0, 1, 0, 0, '2017-12-11 12:08:59', '');

-- --------------------------------------------------------

--
-- Table structure for table `tag`
--

CREATE TABLE IF NOT EXISTS `tag` (
  `id` int(11) NOT NULL AUTO_INCREMENT,
  `nama` varchar(64) NOT NULL,
  PRIMARY KEY (`id`)
) ENGINE=InnoDB DEFAULT CHARSET=latin1 AUTO_INCREMENT=1 ;

-- --------------------------------------------------------

--
-- Table structure for table `t_setup`
--

CREATE TABLE IF NOT EXISTS `t_setup` (
  `ID` int(11) NOT NULL AUTO_INCREMENT,
  `fc_param` char(20) CHARACTER SET latin1 COLLATE latin1_general_ci NOT NULL DEFAULT '',
  `fc_kode` char(4) CHARACTER SET latin1 COLLATE latin1_general_ci NOT NULL DEFAULT '',
  `fc_isi` text CHARACTER SET latin1 COLLATE latin1_general_ci,
  `fc_link` char(200) DEFAULT NULL,
  PRIMARY KEY (`ID`)
) ENGINE=MyISAM  DEFAULT CHARSET=latin1 ROW_FORMAT=FIXED AUTO_INCREMENT=42 ;

--
-- Dumping data for table `t_setup`
--

INSERT INTO `t_setup` (`ID`, `fc_param`, `fc_kode`, `fc_isi`, `fc_link`) VALUES
(1, 'WISATA', '8', '_DSC2653 (FILEminimizer).JPG', NULL),
(2, 'WISATA', '23', '_DSC2653 (FILEminimizer).JPG', NULL),
(27, 'WISATA', '18', '_DSC2808 (FILEminimizer).JPG', NULL),
(5, 'WISATA', '29', 'DSC02923 (FILEminimizer).JPG', NULL),
(7, 'WISATA', '35', 'DSC02923 (FILEminimizer).JPG', NULL),
(11, 'FACEBOOK', '1', 'facebook', NULL),
(12, 'TWITTER', '1', 'twitter.com', NULL),
(13, 'INSTAGRAM', '1', 'instagram.com', NULL),
(14, 'YOUTUBE', '1', 'youtube.com', NULL),
(15, 'SEKILAS', '1', '<p>Kabupaten Malang adalah kabupaten terluas kedua di Jawa Timur setelah Kabupaten Banyuwangi dan merupakan kabupaten dengan populasi terbesar di Jawa Timur. Ibu kota Kabupaten Malang adalah Kepanjen</p>', NULL),
(36, 'HEADER', '1', '16.jpg', NULL),
(37, 'HEADER', '2', '16.jpg', NULL),
(38, 'HEADER', '3', '16.jpg', NULL),
(39, 'HEADER', '4', '16.jpg', NULL),
(40, 'HEADER', '5', '16.jpg', NULL),
(41, 'JUDUL', '1', '238', NULL);

-- --------------------------------------------------------

--
-- Table structure for table `user_type`
--

CREATE TABLE IF NOT EXISTS `user_type` (
  `user_type_id` int(11) NOT NULL AUTO_INCREMENT,
  `user_type_name` varchar(200) NOT NULL,
  PRIMARY KEY (`user_type_id`)
) ENGINE=InnoDB  DEFAULT CHARSET=latin1 AUTO_INCREMENT=2 ;

--
-- Dumping data for table `user_type`
--

INSERT INTO `user_type` (`user_type_id`, `user_type_name`) VALUES
(1, 'Administrator');

-- --------------------------------------------------------

--
-- Table structure for table `wahana`
--

CREATE TABLE IF NOT EXISTS `wahana` (
  `wahana_id` int(11) NOT NULL AUTO_INCREMENT,
  `wahana_nama` text NOT NULL,
  `wahana_icon` varchar(100) NOT NULL,
  `wahana_deskripsi` text NOT NULL,
  PRIMARY KEY (`wahana_id`)
) ENGINE=InnoDB  DEFAULT CHARSET=latin1 AUTO_INCREMENT=166 ;

--
-- Dumping data for table `wahana`
--

INSERT INTO `wahana` (`wahana_id`, `wahana_nama`, `wahana_icon`, `wahana_deskripsi`) VALUES
(1, 'BAN', 'BAN.png', 'Ban merupakan alat yang digunakan untuk memudahkan pengunjung dalam menikmati tempat wisata air.'),
(2, 'DOKUMENTASI FOTO', 'DOKUMENTASI_FOTO.png', 'Dokumentasi foto merupakan fasilitas yang dapat dimanfaatkan oleh pengunjung untuk mendapatkan dokumentasi foto dari kamera profesional. Dengan fasilitas ini, pengunjung tidak perlu takut kehilangan momen ketika mengunjungi tempat wisata.'),
(4, 'KUDA', 'KUDA.png', 'Kuda merupakan hewan yang disewakan kepada pengunjung untuk berkeliling di tempat wisata.'),
(5, 'KOLAM ANAK', 'KOLAM_ANAK.png', 'Kolam anak merupakan kolam yang digunakan untuk bermain anak-anak kecil. Di kolam ini biasanya banyak diisi permainan anak seperti seluncur kecil, dll.'),
(9, 'ATV', 'ATV.png', 'ATV merupakan sebuah kendaraan bermotor roda 4 yang dapat digunakan di segala medan seperti motor trail. Permainan ATV cocok untuk pengunjung yang senang memacu adrenalin.'),
(10, 'HAND BOAT', 'HAND_BOAT.png', 'Hand boat merupakan sebuah perahu kecil yang untuk memainkannya dengan mengayuh pedalnya menggunakan tangan. Hand boat bisa dimainkan 1 - 2 orang.'),
(13, 'PERAHU', 'PERAHU.png', 'Perahu merupakan sebuah fasilitas yang dapat digunakan pengunjung untuk mengelilingi tempat wisata. Perahu ini berada di objek wisata yang terdapat waduk atau danau.'),
(23, 'CAMPING GROUND', 'CAMPING_GROUND.png', 'Camping Ground merupakan area yang biasanya dapat digunakan untuk mendirikan tenda di sebuah tempat wisata. Kebanyakan camping ground tidak menyediakan tenda sehingga pengunjung bisa membawa tenda sendiri.'),
(24, 'KOLAM RENANG', 'KOLAM_RENANG.png', 'Kolam renang merupakan kolam yang berfungsi untuk berolahraga renang. Kolam ini biasanya tidak terdapat banyak wahana permainan.'),
(35, 'BANANA BOAT', 'BANANA_BOAT.png', 'Banana boat merupakan permainan untuk pengunjung yang mempunyai nyali besar. Dalam permainan ini, banana boat ditarik sebuah speed boat berkecepatan tinggi, seringkali pengendara speed boat akan mempercepat laju dan belok secara mendadak untuk menggulingkan pengunjung yang menaikinya tetapi dengan syarat semua penumpang harus mengenakan safety vest.'),
(37, 'MINI PET ZOO', 'PET_ZOO.png', 'Mini pet zoo merupakan fasilitas kebun binatang mini yang disediakan di objek wisata. Di kebun binatang mini umumnya terdapat hewan seperti rusa, kelinci, dll.'),
(39, 'PLAYGROUND', 'PLAYGROUND.png', 'Playground merupakan area bermain yang ada di objek wisata. Di playground terdapat bermacam-macam permainan untuk anak kecil.'),
(44, 'KOLAM IKAN', 'KOLAM_IKAN.png', 'Kolam ikan merupakan sebuah kolam yang berisi ikan-ikan hias seeperti ikan mas, ikan koi, dll. Untuk kolam ikan biasanya hanya sebagai penghias saja.'),
(46, 'PANGGUNG PERTUNJUKAN', 'PANGGUNG_PERTUNJUKAN.png', 'Panggung pertunjukan merupakan sebuah tempat yang digunakan untuk mengadakan pentas atau pertunjukan.'),
(47, 'PELAMPUNG ', 'PELAMPUNG.png', 'Pelampung merupakan sebuah alat yang digunakan untuk melindungi badan agar dapat mangapung ketika berada di air. Pelampung ini digunakan ketika snorkeling, rafting, tubing, dll.'),
(52, 'WISATA PETIK', 'WISATA _PETIK.png', 'Biasanya wisata ini dilakukan pada perkebunan buah dan sayur.'),
(54, 'SEPEDA DRIFT ', 'DRIFT.png', 'Drift merupakan sebuah sepeda beroda 3 yang dapat digunakan untuk drift oleh penggunanya. Sepeda drift ini cocok untuk pengunjung yang menyukai permainan ekstrem.'),
(56, 'TERAPI HEWAN', 'TERAPI_HEWAN.png', 'Terapi yang ditujukan untuk pengunjung yang dimana ingin mencoba pengobatan dengan hewan, misalnya terapi ikan, terapi lebah, dll.'),
(57, 'RUMAH KELINCI', 'RUMAH_KELINCI.png', 'Rumah kelinci merupakan fasilitas yang ada di objek wisata yang berisi banyak kelinci. Pengunjung biasanya dapat langsung memberi makan kelinci.'),
(61, 'AULA', 'AULA.png', 'Aula merupakan sebuah gedung besar yang biasanya digunakan untuk mengadakan pertemuan atau acara.&nbsp;&nbsp;'),
(62, 'SEPEDA AIR ', 'SEPEDA_AIR.png', 'Sepeda air merupakan salah satu wahana permainan yang dimana pemainnya menaiki dan mengayuh sepeda. Sama dengan bersepeda pada umumnya, hanya saja sepeda ini dikayuh khusus di air.'),
(65, 'KERETA WISATA ', 'KERETA_WISATA.png', 'Kereta wisata merupakan sebuah permainan yang berbentuk kereta mini. Kereta wisata ini muat untuk anak kecil maupun orang dewasa. Kereta wisata biasanya digunakan untuk mengelilingi tempat wisata.'),
(66, 'TRAIL ', 'TRAIL.png', '<p style="text-align: justify;">Trail merupakan kendaraan bermotor roda dua yang kebanyakan digunakan untuk menjelajah daerah-daerah selain jalan beraspal seperti jalan berbatu,berlumpur, hutan, dll.</p>'),
(67, 'SNORKELING', 'SNORKELING.png', 'Snorkeling merupakan salah satu wisata air, dimana para pengunjung dapat menikmati keindahan bawah laut dengan menggunakan pelampung sehingga pengunjung tidak akan tenggelam.'),
(71, 'MANDI BOLA ', 'MANDI_BOLA.png', 'Mandi bola merupakan wahana permainan yang dikhususkan untuk anak kecil.'),
(72, 'WATERBOOM', 'WATERBOOM.png', 'Lokasi wisata air yang di dalamnya banyak terdapat berbagai macam permainan dan bentuk seluncuran air.'),
(76, 'SHOOTING TARGET ', 'SHOOTING_TARGET.png', 'Shooting target merupakan permainan menembak. Cara penggunaannya sama dengan panahan, hanya saja dipermainan ini pengunjung menggunakan replika pistol.'),
(77, 'LABIRIN ', 'LABIRIN.png', 'Labirin merupakan sebuah wahana yang mengharuskan pengunjungnya untuk mengatur strategi agar dapat menemukan jalan keluar.'),
(78, 'PANAHAN', 'PANAHAN.png', 'Panahan merupakan permainan yang menggunakan busur penuh sebagai alat untuk memanah.'),
(79, 'SEGWAY ', 'SEGWAY.png', 'Segway merupakan sebuah kendaraan listrik beroda dua. Pengunjung dapat menggunakan alat ini untuk mengelilingi objek wisata.'),
(81, 'SEPEDA ', 'SEPEDA.png', '<p style="text-align: justify;">Sepeda merupakan sebuah kendaraan yang disewakan di objek wisata. Sepeda dapat digunakan untuk mengelilingi objek wisata. Biasanya disewakan sepeda single maupun sepeda tandem.</p>'),
(92, 'TUBING ', 'TUBING.png', '<p style="text-align: justify;">Lokasi wisata arus air dengan menggunakan ban besar yang diisi satu orang sebagai media mengarungi sungai. Untuk wisata tubing ini sudah disediakan guide untuk memandu pengunjung.</p>'),
(94, 'OUTBOUND', 'OUTBOUND.png', '<p style="text-align: justify;">Outbound merupakan kegiatan yang ditujukan untuk melatih kebersamaan dalam sebuah tim. Di dalam outond biasanya terdapat banyak permainan.</p>'),
(97, 'OFF ROAD ', 'OFF_ROAD.png', '<p style="text-align: justify;">Off road merupakan jenis permainan yang menggunakan mobil yang mengajak pengunjung merasakan sensasi adventure. Mobil off road akan melewati jalan di luar jalan beraspal seperti jalan tanah, lumpur, pasir, sungai, atau batuan.</p>'),
(99, 'RAFTING ', 'RAFTING.png', '<p style="text-align: justify;">Rafting merupakan aktivitas yang memadukan unsur petualangan, edukasi, olahraga, dan rekreasi dengan mengarungi sungai yang berjeram. Rafting biasanya menggunakan perahu karet sebagai alat untuk mengarungi derasnya sungai.</p>'),
(102, 'SPOT FOTO', 'SPOT_FOTO.png', '<p style="text-align: justify;">Suatu tempat dimana lokasi tersebut sangat cocok sebagai pengabadian momen wisata.</p>'),
(104, 'KOLAM SPA ', 'KOLAM_SPA.png', '<p style="text-align: justify;">Kolam spa merupakan kolam yang berfungsi untuk relaksasi. DI kolam spa pengunjung bisa berendam dengan menggunakan air hangat.</p>'),
(105, 'KOLAM ARUS ', 'KOLAM_ARUS.png', '<p style="text-align: justify;">Kolam arus merupakan sebuah wahana kolam yang terdapat arus yang sangat deras. Di kolam arus, pengunjung biasanya menggunakan ban dan akan merasakan sensasi arus yang deras layaknya di sungai.</p>'),
(113, 'BIOSKOP 4D', 'BIOSKOP_4D.png', '<p style="text-align: justify;">Bioskop 4D merupakan wahana bioskop yang membuat pengunjungnya merasakan sensasi menonton film dengan kualitas 4D.</p>'),
(114, 'BOOM-BOOM CAR', 'BOOM-BOOM_CAR.png', '<p style="text-align: justify;">Boom-boom car merupakan wahana permainan mobil bertenaga listrik. Permainan ini akan membuat pengunjungnya saling menabrakkan mobil satu sama lain.</p>'),
(115, 'BUMPER BOAT', 'BUMPER_BOAT.png', '<p style="text-align: justify;">Bumber boat merupakan wahana permainan yang hampir sama dengan boom-boom car. Permainan bumper boat merupakan sebuah perahu karet berbentuk bulat dan akan membuat pengunjungnya saling menabrakkan perahunya satu sama lain.</p>'),
(116, 'MISTERI BAJAK LAUT', 'MISTERI_BAJAK_LAUT.png', '<p style="text-align: justify;">Misteri bajak laut merupakan wahana permainan yang berbentuk menyerupai kapal. Dalam permainan ini, pengunjung dapat merasakan sensasi seakan-akan berada di kapal sungguhan yang sedang berlayar.</p>'),
(120, 'HAMMOCK', 'HAMMOCK.png', '<p style="text-align: justify;">Hammock merupakan sebuah ayunan gantung yang dapat digunakan untuk bersantai ketika melakukan kegiatan outdoor.</p>'),
(135, 'AIR SOFT GUN', 'AIR_SOFT_GUN.png', '<p style="text-align: justify;">Air soft gun merupakan permainan yang menggunakan replika senjata api sebagai alat permainan. Dalam permainan air soft gun biasanya dilakukan secara berkelompok.</p>'),
(136, 'AYUNAN', 'AYUNAN.png', '<p style="text-align: justify;">Ayunan merupakan permainan yang dapat memacu adrenalin. Permainan ayunan ini akan membuat pengunjung merasakan sensasi berayun-berayun di atas lembah.</p>'),
(137, 'BELI IKAN', 'BELI IKAN.png', '<p style="text-align: justify;">Beli ikan merupakan aktivitas membeli ikan segar langsung dari nelayan di tepi pantai. Biasanya, selain membeli ikan segar, ikan bisa langsung dimasak dan disantap di tempat dengan menikmati pemandangan pantai yang indah.</p>'),
(138, 'COTTAGE', 'COTTAGE.png', '<p style="text-align: justify;">Cottage merupakan sebuah tempat peristirahatan yang disewakan kepada pengunjung. Pengunjung biasanya dapat menyewa cottage 1 hari penuh ataupun hanya per jam.</p>'),
(139, 'DIVING COURSE', 'DIVING_COURSE.png', '<p style="text-align: justify;">Diving course merupakan sebuah fasilitas untuk pelatihan menyelam. Pelatihan ini nantinya akan mendapat sertifikat yang dapat digunakan untuk mendapatkan izin agar dapat menyelam di laut lepas.</p>'),
(140, 'DOKUMENTASI VIDEO', 'DOKUMENTASI_VIDEO.png', '<p style="text-align: justify;">Dokumentasi video merupakan fasilitas yang dapat dimanfaatkan oleh pengunjung untuk mendapatkan dokumentasi video dari kamera profesional dan drone. Dengan fasilitas ini, pengunjung bisa mendapatkan hasil dokumentasi yang berbeda dengan menggunakan drone.</p>'),
(141, 'GUIDE', 'GUIDE.png', '<p style="text-align: justify;">Guide merupakan fasilitas yang disediakan oleh tempat wisata untuk mendampingi pengunjung. Guide akan memudahkan pengunjung untuk mendapatkan informasi dari sebuah tempat wisata.</p>'),
(142, 'HANDUK', 'HANDUK.png', '<p style="text-align: justify;">Handuk merupakan sebuah fasilitas penyewaan untuk pengunjung yang disediakan oleh tempat wisata. Penyewaan handuk ini biasanya ada di tempat wisata seperti kolam renang.</p>'),
(143, 'HOMESTAY', 'HOMESTAY.png', '<p style="text-align: justify;">Homestay merupakan fasilitas penginapan yang ada di tempat wisata. Homestay biasanya bekerja sama dengan penduduk sekitar tempat wisata agar rumahnya dapat digunakan sebagai fasilitas penginapan.</p>'),
(144, 'KANO', 'KANO.png', '<p style="text-align: justify;">Kano merupakan sebuah perahu kecil yang hanya dapat memuat 1 orang. Untuk menggerakkan kano biasanya menggunakan sebuah dayung.</p>'),
(145, 'KOLAM PANCING', 'KOLAM_PANCING.png', '<p style="text-align: justify;">Kolam pancing merupakan kolam yang berisi ikan-ikan air tawar seperti ikan mujaer, ikan gurame, ikan tombro, ikan nila, dll. Untuk kolam pancing ini biasanya pengunjung membawa alat pancing sendiri.</p>'),
(146, 'LOKER', 'LOKER.png', '<p  style="text-align: justify;">Loker merupakan sebuah fasilitas penyimpanan barang yang ada di objek wisata. Dengan adanya loker, pengunjung tidak perlu takut kehilangan barang ketika sedang menikmati objek wisata.</p>'),
(147, 'PAPAN SURFING', 'PAPAN_SURFING.png', '<p style="text-align: justify;">Papan surfing merupakan sebuah alat yang digunakan untuk pengunjung yang ingin melakukan olahraga surfing.</p>'),
(148, 'TENDA', 'TENDA.png', '<p style="text-align: justify;">Tenda merupakan tempat istirahat bagi pelancong yang ingin berlibur di lokasi wisata yang bisa dikatakan tidak ada penginapan sama sekali.</p>'),
(149, 'TIKAR', 'TIKAR.png', '<p style="text-align: justify;">Alat yang digunakan untuk duduk lesehan. Tikar sangat cocok dikunakan ketika berwisata bersama keluarga maupun bersama teman-teman.</p>'),
(153, 'GAZEBO', 'GAZEBO.png', '<p style="text-align: justify;">Gazebo merupakan sebuah fasilitas seperti gubuk kecil yang dapat disewa oleh pengunjung. Gazebo ini dapat dimanfaatkan sebagai tempat istirahat untuk melepas lelah di tempat wisata.</p>'),
(154, 'FLYING FOX', 'FLYING_FOX.png', '<p style="text-align: justify;">Flying fox merupakan permainan yang dapat memacu adrenalin. Pengunjung akan merasakan sensasi terbang seperti burung dan menikmati pemandangan dari atas ketika menaiki permainan ini.</p>');

-- --------------------------------------------------------

--
-- Table structure for table `wahana_wisata`
--

CREATE TABLE IF NOT EXISTS `wahana_wisata` (
  `wahwis_id` int(11) NOT NULL AUTO_INCREMENT,
  `wahana_id` int(11) NOT NULL,
  `wisata_id` int(11) NOT NULL,
  `wahwis_htm` varchar(20) NOT NULL,
  PRIMARY KEY (`wahwis_id`)
) ENGINE=InnoDB  DEFAULT CHARSET=latin1 AUTO_INCREMENT=438 ;

--
-- Dumping data for table `wahana_wisata`
--

INSERT INTO `wahana_wisata` (`wahwis_id`, `wahana_id`, `wisata_id`, `wahwis_htm`) VALUES
(1, 1, 6, 'Rp 5.000,-'),
(2, 2, 7, 'Rp 15.000,-'),
(3, 3, 7, ''),
(4, 2, 8, 'Rp 15.000,-'),
(6, 81, 9, 'Rp 35.000,-'),
(7, 4, 9, 'Rp 5.000,-'),
(8, 4, 10, 'Rp 5.000,-'),
(9, 5, 10, 'N/A'),
(11, 62, 10, 'Rp 20.000,-'),
(12, 13, 10, 'Rp 3.000,-'),
(13, 9, 10, 'Rp 15.000,-'),
(14, 10, 10, 'Rp 10.000,-'),
(15, 11, 14, ''),
(16, 12, 14, ''),
(19, 11, 16, ''),
(20, 12, 16, ''),
(21, 1, 17, 'Rp 16.000,-'),
(22, 102, 17, 'FREE'),
(31, 13, 18, 'Rp 16.000,-'),
(33, 102, 18, 'FREE'),
(35, 9, 19, 'Rp 60.000,-'),
(36, 23, 19, 'FREE'),
(37, 21, 20, ''),
(38, 22, 20, ''),
(39, 23, 20, ''),
(40, 24, 24, ''),
(41, 25, 24, ''),
(42, 24, 25, 'N/A'),
(43, 23, 25, 'N/A'),
(44, 6, 26, ''),
(45, 22, 26, ''),
(46, 28, 26, ''),
(47, 29, 26, ''),
(48, 30, 26, ''),
(49, 31, 26, ''),
(50, 6, 27, ''),
(51, 22, 27, ''),
(52, 28, 27, ''),
(53, 29, 27, ''),
(54, 30, 27, ''),
(55, 31, 27, ''),
(56, 6, 28, ''),
(57, 22, 28, ''),
(58, 28, 28, ''),
(59, 29, 28, ''),
(60, 30, 28, ''),
(61, 31, 28, ''),
(62, 154, 29, 'Rp 20.000,-'),
(63, 9, 29, 'Rp 30.000,-'),
(68, 113, 30, 'Rp 12.000,-'),
(69, 114, 30, 'Rp 20.000,-'),
(70, 115, 30, 'Rp 20.000,-'),
(71, 116, 30, 'Rp 8.000,-'),
(72, 102, 30, 'Rp 10.000,-'),
(73, 13, 30, 'Rp 25.000,-'),
(74, 32, 31, 'Rp 5.000,-'),
(75, 33, 31, ''),
(76, 34, 31, ''),
(77, 35, 31, 'Rp 20.000,-'),
(78, 36, 31, 'Rp 5.000,- s.d. Rp 1'),
(79, 37, 31, ''),
(80, 38, 31, ''),
(81, 39, 31, ''),
(82, 33, 32, ''),
(83, 34, 32, ''),
(84, 35, 32, ''),
(85, 36, 32, ''),
(86, 37, 32, ''),
(87, 38, 32, ''),
(88, 39, 32, ''),
(89, 40, 33, ''),
(90, 41, 33, ''),
(91, 42, 33, ''),
(92, 43, 33, ''),
(93, 126, 33, ''),
(94, 40, 34, ''),
(95, 41, 34, ''),
(96, 42, 34, ''),
(97, 43, 34, ''),
(98, 126, 34, ''),
(104, 40, 36, ''),
(105, 41, 36, ''),
(106, 42, 36, ''),
(107, 43, 36, ''),
(108, 126, 36, ''),
(109, 40, 37, ''),
(110, 41, 37, ''),
(111, 42, 37, ''),
(112, 43, 37, ''),
(113, 126, 37, ''),
(114, 40, 38, ''),
(115, 41, 38, ''),
(116, 42, 38, ''),
(117, 43, 38, ''),
(118, 126, 38, ''),
(124, 40, 40, ''),
(125, 41, 40, ''),
(126, 42, 40, ''),
(127, 43, 40, ''),
(128, 126, 40, ''),
(129, 44, 41, ''),
(130, 39, 41, ''),
(131, 46, 41, ''),
(132, 47, 41, 'Rp 3.000,-'),
(133, 48, 41, 'Rp 5.000,-'),
(134, 49, 42, ''),
(135, 50, 42, ''),
(138, 49, 44, ''),
(139, 50, 44, ''),
(140, 51, 45, 'Rp 25.000,-/15 MENIT'),
(141, 52, 45, 'Rp 15.000,-/KG'),
(142, 53, 45, 'Rp 15.000,-/KG'),
(143, 54, 45, 'Rp 25.000,-'),
(144, 55, 45, ''),
(145, 56, 45, 'Rp 100.000,-'),
(146, 57, 45, ''),
(147, 58, 45, ''),
(148, 51, 46, 'Rp 25.000,-/15 MENIT'),
(149, 52, 46, 'Rp 15.000,-/KG'),
(150, 53, 46, 'Rp 15.000,-/KG'),
(151, 54, 46, 'Rp 25.000,-'),
(152, 55, 46, ''),
(153, 56, 46, 'Rp 100.000,-'),
(154, 57, 46, ''),
(155, 58, 46, ''),
(156, 51, 47, 'Rp 25.000,-/15 MENIT'),
(157, 52, 47, 'Rp 15.000,-/KG'),
(158, 53, 47, 'Rp 15.000,-/KG'),
(159, 54, 47, 'Rp 25.000,-'),
(160, 55, 47, ''),
(161, 56, 47, 'Rp 100.000,-'),
(162, 57, 47, ''),
(163, 58, 47, ''),
(164, 24, 48, 'Rp 10.000,-'),
(165, 23, 48, 'Rp 500.000,-/HARI'),
(166, 127, 48, 'Rp 750.000,- s.d. Rp'),
(167, 62, 48, 'Rp 15.000,-'),
(168, 39, 48, ''),
(169, 6, 48, 'Rp 25.000,-'),
(170, 65, 48, 'Rp 5.000,-/ORANG'),
(171, 66, 48, 'Rp 50.000,- s.d. Rp '),
(172, 24, 49, 'Rp 10.000,-'),
(173, 23, 49, 'Rp 500.000,-/HARI'),
(174, 127, 49, 'Rp 750.000,- s.d. Rp'),
(175, 62, 49, 'Rp 15.000,-'),
(176, 39, 49, ''),
(177, 6, 49, 'Rp 25.000,-'),
(178, 65, 49, 'Rp 5.000,-/ORANG'),
(179, 66, 49, 'Rp 50.000,- s.d. Rp '),
(180, 24, 50, 'Rp 10.000,-'),
(181, 23, 50, 'Rp 500.000,-'),
(182, 61, 50, 'Rp 1.000.000,-'),
(183, 62, 50, 'Rp 15.000,-'),
(184, 39, 50, 'FREE'),
(185, 154, 50, 'Rp 25.000,-'),
(186, 65, 50, 'Rp 5.000,-'),
(187, 66, 50, 'Rp 50.000,-'),
(188, 32, 51, ''),
(189, 68, 51, 'Rp 3.000,-'),
(190, 62, 51, 'Rp 5.000,-'),
(191, 70, 51, 'Rp 2.000,-'),
(192, 71, 51, 'Rp 5.000,-'),
(193, 72, 51, 'RP 50.000,- s.d. Rp '),
(194, 48, 51, 'Rp 5.000,-'),
(195, 47, 51, 'Rp 3.000,-'),
(196, 32, 52, ''),
(197, 68, 52, 'Rp 3.000,-'),
(198, 62, 52, 'Rp 5.000,-'),
(199, 70, 52, 'Rp 2.000,-'),
(200, 71, 52, 'Rp 5.000,-'),
(201, 72, 52, 'RP 50.000,- s.d. Rp '),
(202, 48, 52, 'Rp 5.000,-'),
(203, 47, 52, 'Rp 3.000,-'),
(204, 75, 53, 'Rp 15.000,-'),
(205, 76, 53, 'Rp 10.000,-/5 PELURU'),
(206, 77, 53, 'Rp 10.000,-'),
(207, 78, 53, 'Rp 5.000,-'),
(208, 79, 53, 'Rp 30.000,-'),
(209, 80, 53, 'Rp 10.000,-'),
(210, 81, 53, 'Rp 5.000,-'),
(211, 27, 53, 'Rp 30.000,-'),
(212, 128, 54, 'Rp 10.000,-'),
(213, 84, 54, 'Rp 10.000,-'),
(214, 24, 54, ''),
(215, 86, 54, ''),
(216, 87, 54, ''),
(217, 88, 54, ''),
(218, 89, 55, ''),
(219, 90, 55, ''),
(220, 91, 55, ''),
(221, 89, 56, ''),
(222, 90, 56, ''),
(223, 91, 56, ''),
(224, 92, 57, 'Rp 70.000,- s.d. Rp '),
(225, 23, 57, 'Rp 25.000,-'),
(226, 94, 57, 'Rp 15.000,-'),
(227, 92, 58, 'Rp 70.000,- s.d. Rp '),
(228, 23, 58, 'Rp 25.000,-'),
(229, 94, 58, 'Rp 15.000,-'),
(230, 23, 59, 'Rp 150.000,-'),
(231, 94, 59, 'Rp 110.000,-'),
(232, 97, 59, 'Rp 250.000,-'),
(233, 98, 59, 'Rp 350.000,-'),
(234, 99, 59, 'Rp 200.000,- s.d. Rp'),
(235, 100, 59, 'Rp 399.000,-'),
(236, 23, 1, 'Rp 150.000,-'),
(237, 102, 1, 'Rp 10.000,-'),
(238, 4, 1, 'Rp 50.000,-'),
(239, 23, 60, 'Rp 150.000,-'),
(240, 102, 60, 'Rp 10.000,- FREE AIR'),
(241, 75, 60, 'Rp 50.000,- PP'),
(242, 104, 61, 'Rp 10.000,-'),
(243, 105, 61, 'Rp 10.000,-'),
(244, 46, 61, ''),
(245, 107, 61, ''),
(246, 108, 61, 'Rp 20.000,-'),
(247, 109, 61, ''),
(248, 36, 61, 'Rp 5.000,- s.d. Rp 3'),
(249, 111, 61, 'Rp 5.000,-'),
(250, 46, 62, ''),
(251, 107, 62, ''),
(252, 108, 62, 'Rp 20.000,-'),
(253, 109, 62, ''),
(254, 36, 62, 'Rp 5.000,- s.d. Rp 3'),
(255, 111, 62, 'Rp 5.000,-'),
(256, 129, 63, 'Rp 13.000,-'),
(257, 130, 63, 'Rp 12.000,-'),
(258, 114, 63, 'Rp 20.000,-'),
(259, 115, 63, 'Rp 20.000,-'),
(260, 116, 63, 'Rp 8.000,-'),
(261, 117, 63, 'Rp 10.000,-'),
(262, 131, 63, 'Rp 10.000,-'),
(263, 62, 63, 'Rp 25.000,-'),
(264, 120, 64, 'Rp 15.000,-'),
(265, 23, 64, 'Rp 25.000,-'),
(270, 2, 70, '150000'),
(271, 3, 70, '120001'),
(275, 151, 10, 'Rp 10.000,-'),
(277, 81, 2, 'Rp.35.000,00'),
(278, 4, 2, 'Rp.5.000,00'),
(279, 76, 2, 'Rp.10.000,00'),
(280, 71, 2, 'Rp.3.000,00'),
(281, 81, 75, 'Rp.35.000,00'),
(282, 4, 75, 'Rp.5.000,00'),
(283, 76, 75, 'Rp.10.000,00'),
(284, 71, 75, 'Rp.3.000,00'),
(285, 113, 76, 'Rp 12.000,-'),
(286, 114, 76, 'Rp 20.000,-'),
(287, 115, 76, 'Rp 20.000,-'),
(288, 116, 76, 'Rp 8.000,-'),
(289, 102, 76, 'Rp 10.000,-'),
(290, 13, 76, 'Rp 10.000,-'),
(291, 62, 76, 'Rp 25.000,-'),
(292, 23, 77, 'N/A'),
(293, 148, 78, 'Rp 100.000,-'),
(294, 23, 78, 'Rp 25.000,-'),
(295, 144, 78, 'Rp 25.000,-'),
(296, 47, 78, 'Rp 5.000,-'),
(297, 148, 79, 'N/A'),
(298, 23, 79, 'N/A'),
(299, 23, 80, 'N/A'),
(300, 13, 81, 'Rp 50.000,-'),
(301, 147, 81, '(N/A)'),
(302, 67, 81, '(N/A)'),
(303, 23, 81, '(N/A)'),
(304, 9, 82, 'Rp 60.000,-'),
(305, 23, 82, '(N/A)'),
(306, 153, 83, '(N/A)'),
(307, 23, 83, '(N/A)'),
(308, 13, 84, 'Rp 160.000,-'),
(309, 23, 84, '(N/A)'),
(310, 149, 85, 'Rp 20.000,-'),
(311, 138, 85, 'Rp 150.000,-'),
(312, 23, 85, 'Rp 20.000,-'),
(315, 13, 87, 'Rp.150.000,-'),
(316, 137, 87, '(N/A)'),
(317, 23, 87, '(N/A)'),
(318, 47, 88, 'Rp 10.000,-'),
(319, 67, 88, 'Rp 20.000,-'),
(320, 153, 88, 'FREE'),
(321, 141, 88, 'Rp 100.000,-'),
(322, 153, 89, 'N/A'),
(323, 23, 89, 'N/A'),
(324, 13, 90, 'Rp 50.000,-'),
(325, 147, 90, '(N/A)'),
(326, 67, 90, '(N/A)'),
(327, 23, 90, '(N/A)'),
(328, 137, 90, '(N/A)'),
(329, 52, 91, 'Rp 20.000,-'),
(330, 81, 93, 'FREE'),
(331, 39, 93, 'FREE'),
(332, 142, 93, 'Rp 10.000,-'),
(333, 146, 93, 'Rp 5.000,-'),
(334, 46, 93, 'N/A'),
(335, 47, 93, 'Rp 15.000,-'),
(336, 153, 94, 'Rp 130.000,-'),
(337, 146, 94, 'Rp 30.000,-'),
(338, 1, 94, 'Rp 30.000,-'),
(339, 94, 94, 'N/A'),
(340, 139, 94, 'N/A'),
(341, 94, 95, 'N/A'),
(342, 135, 95, 'N/A'),
(343, 66, 95, 'N/A'),
(344, 120, 96, 'Rp 5.000,-'),
(345, 149, 96, 'Rp 5.000,-'),
(346, 23, 96, 'Rp 10.000,-'),
(347, 104, 98, 'Rp 10.000,-'),
(348, 105, 98, 'Rp 10.000,-'),
(349, 46, 98, '(N/A)'),
(350, 39, 98, 'FREE'),
(351, 72, 98, 'Rp 20.000,-'),
(352, 13, 98, 'Rp 30.000,-'),
(353, 143, 100, 'N/A'),
(354, 146, 102, 'Rp 5.000,-'),
(355, 1, 102, 'Rp 5.000,-'),
(356, 120, 104, 'Rp 15.000,-'),
(357, 23, 104, 'Rp 25.000,-'),
(358, 13, 105, 'Rp 50.000,-'),
(359, 94, 105, 'N/A'),
(360, 24, 106, 'Rp 5.000,-'),
(361, 35, 106, 'Rp 20.000,-'),
(362, 13, 106, 'Rp 10.000,-'),
(363, 37, 106, 'FREE'),
(364, 39, 106, 'FREE'),
(365, 102, 107, 'FREE'),
(366, 136, 107, 'N/A'),
(367, 154, 107, 'N/A'),
(368, 120, 108, 'N/A'),
(369, 153, 108, 'N/A'),
(370, 99, 108, 'N/A'),
(371, 154, 108, 'N/A'),
(372, 23, 109, 'Rp 150.000,-'),
(373, 102, 109, 'Rp 10.000,-'),
(374, 4, 109, 'Rp 50.000,-'),
(375, 4, 110, 'Rp 15.000,-'),
(376, 76, 110, 'Rp 10.000,-'),
(377, 77, 110, 'Rp 10.000,-'),
(378, 78, 110, 'Rp 5.000,-'),
(379, 79, 110, 'Rp 30.000,-'),
(380, 81, 110, 'Rp 10.000,-'),
(381, 9, 110, 'Rp 30.000,-'),
(382, 4, 111, 'Rp 5.000,-'),
(383, 5, 111, 'N/A'),
(384, 154, 111, 'Rp 15.000,-'),
(385, 62, 111, 'Rp 20.000,-'),
(386, 13, 111, 'Rp 3.000,-'),
(387, 9, 111, 'Rp 15.000,-'),
(388, 10, 111, 'Rp 10.000,-'),
(389, 4, 112, 'Rp 50.000,-'),
(390, 120, 113, 'Rp 7.000,-'),
(391, 78, 113, 'Rp 10.000,-'),
(392, 23, 113, 'N/A'),
(393, 71, 113, 'Rp 5.000,-'),
(394, 92, 114, 'Rp 50.000,-'),
(395, 2, 114, 'Rp 100.000,-'),
(396, 140, 114, 'Rp 750.000,-'),
(397, 23, 114, 'Rp 75.000,-'),
(398, 143, 114, 'Rp 200.000,-'),
(399, 81, 115, 'Rp 10.000,-'),
(400, 4, 115, 'Rp 10.000,-'),
(401, 24, 115, 'FREE'),
(402, 153, 115, 'N/A'),
(403, 23, 116, 'Rp 150.000,-'),
(404, 94, 116, 'Rp 110.000,-'),
(405, 97, 116, 'Rp 250.000,-'),
(406, 99, 116, 'Rp 300.000,-'),
(407, 66, 116, 'Rp 399.000,-'),
(408, 5, 117, 'FREE'),
(409, 37, 117, 'FREE'),
(410, 46, 117, 'N/A'),
(411, 47, 117, 'Rp 3.000,-'),
(412, 1, 117, 'Rp 5.000,-'),
(413, 9, 118, 'Rp 25.000,-'),
(414, 52, 118, 'Rp 15.000,-'),
(415, 54, 118, 'Rp 25.000,-'),
(416, 102, 118, 'Rp 100.000,-'),
(417, 57, 118, 'FREE'),
(418, 56, 118, 'FREE'),
(419, 76, 9, 'Rp 10.000,-'),
(420, 71, 9, 'Rp 3.000,-'),
(421, 62, 30, 'Rp 25.000,-'),
(422, 1, 121, 'Rp 6.000,-'),
(423, 24, 123, 'Rp 15.000,-'),
(424, 145, 123, 'Rp 15.000,-'),
(425, 92, 124, 'Rp 120.000,-'),
(426, 23, 124, 'Rp 25.000,-'),
(427, 94, 124, 'Rp 15.000,-'),
(428, 24, 125, 'FREE'),
(429, 56, 125, 'Rp 3.000,-'),
(430, 62, 125, 'Rp 5.000,-'),
(431, 13, 125, 'Rp 2.000,-'),
(432, 71, 125, 'Rp 5.000,-'),
(433, 153, 125, 'Rp 100.000,-'),
(434, 13, 25, 'N/A'),
(435, 13, 86, 'Rp 50.000,-'),
(436, 137, 86, 'N/A'),
(437, 23, 86, 'N/A');

-- --------------------------------------------------------

--
-- Table structure for table `wisata`
--

CREATE TABLE IF NOT EXISTS `wisata` (
  `wisata_id` int(11) NOT NULL AUTO_INCREMENT,
  `kategori_id` int(11) DEFAULT NULL,
  `wisata_url_video` text NOT NULL,
  `wisata_nama` text NOT NULL,
  `wisata_deskripsi` text NOT NULL,
  `wisata_tag` text NOT NULL,
  `wisata_htm_lokal` varchar(20) NOT NULL,
  `wisata_htm_intl` varchar(20) NOT NULL,
  `wisata_latitude` varchar(50) NOT NULL,
  `wisata_longitude` varchar(50) NOT NULL,
  `wisata_tampil` int(11) NOT NULL,
  PRIMARY KEY (`wisata_id`)
) ENGINE=InnoDB  DEFAULT CHARSET=latin1 AUTO_INCREMENT=126 ;

--
-- Dumping data for table `wisata`
--

INSERT INTO `wisata` (`wisata_id`, `kategori_id`, `wisata_url_video`, `wisata_nama`, `wisata_deskripsi`, `wisata_tag`, `wisata_htm_lokal`, `wisata_htm_intl`, `wisata_latitude`, `wisata_longitude`, `wisata_tampil`) VALUES
(8, 6, '3CUZL6hk6Js', 'MASJID TIBAN', '<p style="text-align: justify;">Masjid Tiban merupakan Masjid yang berlokasi di Desa Sananrejo, Kecamatan Turen, Kabupaten Malang. Masjid Tiban ini memiliki arsitektur bangunan masjid yang sangat megah. Sebenarnya, Masjid Tiban masuk ke dalam kompleks Pondok Pesantren Salafiah Bihaaru Bahri Asali Fadlaailir Rahmah.</p>', 'IBADAH ARSITEKTUR SELFIE KULINER PENDIDIKAN', 'FREE', 'FREE', '-8.15102', '112.71309', 8),
(9, 8, '0i2_7wL1jNw', 'DESA WISATA PUJON KIDUL', '<p style="text-align: justify;">Kabupaten Malang mempunyai berbagai macam destinasi wisata dari yang alami maupun buatan. Kebanyakan pengunjung akan mencari tempat yang enak, sejuk untuk digunakan sebagai tempat berkumpul bersama teman, sahabat dan keluarga. Salah satu lokasi yang banyak diminati oleh pengunjung adalah Desa Wisata Pujon Kidul. Suasana khas pedesaan mengelilingi tempat wisata ini dengan hamparan persawahan yang luas dan hijau. Cocok bagi pengunjung yang penat dengan suasana perkotaan. Disini juga ada beberapa spot untuk foto. Disediakan pula tempat makan dengan suasana ditengah sawah. Desa Wisata Pujon Kidul terletak di Desa Pujon Kidul, Kecamatan Pujon, Kabupaten Malang. Jarak tempuh dari Kota Malang sekitar 29 Km atau sekitar 1,5 jam perjalanan. Akses menuju ke Desa Pujon Kidul sangat mudah dijangkau meskipun melewati pemukiman penduduk.</p>', 'SELFIE RILEKS NONGKRONG DESA WISATA KULINER', 'Rp 8.000,-', 'Rp 8.000,-', '-7.85594', '112.4549', 27),
(12, 3, 'fWeE5foWWdo', 'CANDI KIDAL', '<p style="text-align: justify;">Candi Kidal merupakan Candi yang berlokasi di Desa Rejokidal, Kecamatan Tumpang, Kabupaten Malang. Candi Kidal merupakan salah satu candi warisan dari Kerajaan Singosari sebagai bentuk penghormatan atas jasa besar Anusapati, Raja kedua dari Kerajaan Singosari yang memerintah selama 20 tahun (1227-1248).</p>', 'SELFIE PENDIDIKAN SEJARAH CAGAR BUDAYA', 'N/A', 'N/A', '-8.02577', '112.70905', 3),
(15, 3, 'HO1i1Q8fF04', 'CANDI JAGO', '<p style="text-align: justify;">Candi Jago merupakan Candi yang berlokasi di Dusun Jago, Desa Tumpang, Kecamatan Tumpang, Kabupaten Tumpang. Menurut Kitab Negarakertagama dan Pararaton, nama Candi Jago sebenarnya berasal dari kata &ldquo;Jajaghu&rdquo; yang didirikan pada masa Kerajaan Singosari Pada abad ke-13. Jajaghu yang artinya adalah keagungan merupakan istilah yang digunakan untuk menyebut tempat suci.</p>', 'SELFIE PENDIDIKAN SEJARAH CAGAR BUDAYA', 'N/A', 'N/A', '-8.00586', '112.7641', 6),
(18, 7, 'ZUF7yB1ePqw', 'PANTAI NGLIYEP', '<p style="text-align: justify;">Pantai Ngliyep merupakan Objek Wisata Pantai yang berlokasi di Desa Kedungsalam, Kecamatan Donomulyo, Kabupaten Malang. Pantai Ngliyep berada di tepi Samudera Indonesia. Luas Area Wisata Pantai Ngliyep 10 Ha yang terdiri dari hutan lindung, areal wisata, penginapan, dan lahan parkir.</p>', 'SELFIE RILEKS PANORAMA CAMPING NONGKRONG', 'Rp 16.000,-', 'Rp 16.000,-', '-8.38365', '112.4243', 10),
(23, 7, 'LlIMe6cAI20', 'PANTAI BATU BENGKUNG', '<p style="text-align: justify;">Pantai Batu Bengkung merupakan Objek WIsata Pantai yang berlokasi di Desa Gajahrejo, Kecamatan Gedangan, Kabupaten Malang. Pantai Batu Bengkung merupakan salah satu pantai dengan batuan karang yang membentang membentuk barisan. Batuan karang ini akan memecah ombak besar di tepian pantai. Tidak jarang air yang terbawa ombak terjebak di dalam cekungan karang sehingga menghasilkan kolam air asin alami yang aman untuk berenang.</p>', 'SELFIE RILEKS PANORAMA CAMPING', 'Rp 10.000,-', 'Rp 10.000,-', '-8.43017', '112.6151', 10),
(25, 7, 'S6o9o44bPxY', 'PANTAI BAJUL MATI', '<p style="text-align: justify;">Pantai Bajul Mati merupakan Objek Wisata Pantai yang berlokasi di Desa Gajahrejo, Kecamatan Gedangan, Kabupaten Malang. Pantai Bajul Mati ini memiliki teluk-teluk yang indah.</p>', 'SELFIE RILEKS PANORAMA CAMPING', 'Rp 10.000,-', 'Rp 10.000,-', '-8.43091', '112.63542', 7),
(29, 7, 'aSzZMEqHzaU', 'PANTAI BALEKAMBANG', '<p style="text-align: justify;">Pantai Balekambang merupakan Objek Wisata Pantai yang tereltak di Dusun Sumber Jambe, Desa Srigonco, Kecamatan Bantur, Kabupaten Malang. Suasana yang ditawarkan Pantai Balekambang sangat menarik sekali dengan ditumbuhi aneka pepohonan yang rindang. Pantai Balekambang memiliki 3 pulau kecil yaitu Pulau Ismoyo, Pulau Anoman, dan Pulau Wisanggeni. Di tiap-tiap pulau disambungkan dengan jembatan. Di Pulau Ismoyo terdapat Pura yang bernama Pura Amarta Jati.</p>', 'SELFIE IBADAH PANORAMA CAMPING KULINER', 'Rp 16.000,-', 'Rp 16.000,-', '-8.40276', '112.53365', 14),
(30, 8, 'HSdIP6zx77s', 'TAMAN REKREASI SENGKALING UMM', '<p style="text-align: justify;">Taman Rekreasi Sengkaling UMM merupakan Objek Wisata yang berlokasi di Jalan Raya Mulyoagung No. 188, Kecamatan Dau, Kabupaten Malang. Taman Rekreasi Sengkaling mempunyai berbagai fasilitas yang memiliki keunggulan dengan adanya wisata air yang berasal dari sumber alami yang salah satunya adalah Kolam Tirta Alam. Tempat ini dikenakan biaya masuk Rp 25.000,- dan biaya parkir Rp 5.000,-.&nbsp;</p>', 'SELFIE RENANG PIKNIK RILEKS PLAYGROUND', 'Rp 25.000,-', 'Rp 25.000,-', '-7.91538', '112.58890', 504),
(35, 6, 'gnpqC9Lw938', 'PESAREAN GUNUNG KAWI', '<p style="text-align: justify;">Terdapat banyak bangunan dengan arsitektur khas Tiongkok seperti kuil atau klenteng sebagai tempat sembahyang atau melakukan ritual bagi orang-orang Kong Hu Cu. Selain itu, terdapat pasar dagangan seperti aneka lampion, baju khas Tionghoa, lilin-lilin besar, dan beragam cenderamata lainnya. Uniknya, yang menjajahkan dagangan tersebut kebanyakan orang-orang berdarah Tionghoa, membuat suasana khas Tiongkok pun semakin kental terasa. Tak sedikit pula orang Tionghoa dari luar negeri datang ke tempat ini pada hari-hari tertentu untuk melakukan ritual keagamaan seperti memohon keselamatan, giam si, ci suak, dan sebagainya.</p>', 'PESAREAN IBADAH BELANJA RAMAL NASIB HOKI', 'Rp 3.000,- ', 'Rp 3.000,- ', '-8.02288', '112.49354', 8),
(39, 6, 'gnpqC9Lw938', 'KRATON GUNUNG KAWI', '<p style="text-align: justify;">Gunung Kawi merupakan salah satu gunung berapi yang masih aktif dan berlokasi di Kecamatan Wonosari, Kabupaten Malang. Saat berkunjung ke Gunung Kawi suasana magis akan terasa kental. Terdapat beberapa tempat atau petilasan untuk beberapa orang yang berdoa dan memohon berkat untuk kesuksesan usaha, jodoh, dan banyak hal lainnya.</p>', 'PESAREAN IBADAH BELANJA RAMAL NASIB HOKI', 'Rp 10.000,-', 'Rp 10.000,-', '-8.00317', '112.48574', 5),
(43, 3, 'dRWNRxZcIc8', 'CANDI SINGOSARI', '<p style="text-align: justify;">Candi Singosari merupakan Objek Wisata Candi yang berlokasi di Desa Candirenggo, Kecamatan Singosari, Kabupaten Malang. Menurut para ahli, Candi ini diperkirakan dibangun sekitar tahun 1300 M sebagai persembahan untuk menghormati Raja Kertanegara dari Kerajaan Singosari.</p>', 'SELFIE PENDIDIKAN SEJARAH CAGAR BUDAYA', 'N/A', 'N/A', '-7.88779', '112.66386', 5),
(50, 5, 'XNzHFvvT_JM', 'AGROWISATA KEBUN TEH WONOSARI', '<p style="text-align: justify;">Agrowisata Kebun Teh Wonosari merupakan Objek Wisata yang berlokasi di Kecamatan Lawang dan berada di lereng Gunung Arjuno. Perkebunan ini berada di ketinggian 950-1250 mdpl dan menawarkan hamparan hijau kebun teh dengan suasana yang sejuk dan damai.</p>', 'SELFIE PENDIDIKAN PIKNIK RILEKS ADVENTURE', 'Rp 10.000,-', 'Rp 10.000,-', '-7.82167', '112.6426', 6),
(65, 2, 'H08S-g-EAK8', 'PADEPOKAN SENI TOPENG MALANGAN "ASMORO BANGUN"', '<p style="text-align: justify;">Padepokan Seni Topeng Malangan "Asmoro Bangun" merupakan padepokan topeng malangan yang berlokasi di Dusun Kedungmonggo, Desa Karangpandan, Kecamatan Pakisaji, Kabupaten Malang. Padepokan Topeng Malangan ini merupakan satu-satunya padepokan yang masih sangat giat untuk mempertahankan dan mengembangkan kesenian dan kebudayaan asli Malang. Padepokan Seni Topeng Malangan "Asmoro Bangun" saat ini dikelola oleh Tri Handoyo.</p>', 'TARI SENI TOPENG MALANGAN PERTUNJUKAN UKIRAN', 'FREE', 'FREE', '-8.07325', '112.58925', 3),
(75, 13, '', 'DESA WISATA PUJON KIDUL', '<p>Kabupaten Malang mempunyai berbagai macam destinasi wisata dari yang alami maupun buatan. Kebanyakan pengunjung akan mencari tempat yang enak, sejuk untuk digunakan sebagai tempat berkumpul bersama teman, sahabat dan keluarga. Salah satu lokasi yang banyak diminati oleh pengunjung adalah Desa Wisata Pujon Kidul. Suasana khas pedesaan mengelilingi tempat wisata ini dengan hamparan persawahan yang luas dan hijau. Cocok bagi pengunjung yang penat dengan suasana perkotaan. Disini juga ada beberapa spot untuk foto. Disediakan pula tempat makan dengan suasana ditengah sawah. Desa Wisata Pujon Kidul terletak di Desa Pujon Kidul, Kecamatan Pujon, Kabupaten Malang. Jarak tempuh dari Kota Malang sekitar 29 Km atau sekitar 1,5 jam perjalanan. Akses menuju ke Desa Pujon Kidul sangat mudah dijangkau meskipun melewati pemukiman penduduk.</p>', 'SELFIE RILEKS NONGKRONG DESA WISATA KULINER', 'Rp.8.000,00', 'Rp.8.000,00', '-7.855945', '112.45492', 8),
(76, 13, '', 'TAMAN REKREASI SENGKALING UMM', '<p>Taman Rekreasi Sengkaling UMM merupakan Objek Wisata yang berlokasi di Jalan Raya Mulyoagung No. 188, Kecamatan Dau, Kabupaten Malang. Taman Rekreasi Sengkaling mempunyai berbagai fasilitas yang memiliki keunggulan dengan adanya wisata air yang berasal dari sumber alami yang salah satunya adalah Kolam Tirta Alam. Tempat ini dikenakan biaya masuk Rp 25.000,- dan biaya parkir Rp 5.000,-.</p>', 'SELFIE RENANG PIKNIK RILEKS PLAYGROUND', 'Rp 25.000,-', 'Rp 25.000,-', '-7.19538', '112.58892', 2),
(77, 7, 'Ak9OWnjXvq8', 'PANTAI NGANTEB', '<p style="text-align: justify;">Pantai Nganteb berlokasi di Desa Tumpakrejo, Kecamatan Gedangan, Kabupaten Malang. Pantai ini termasuk dibawah pengelolaan Perhutani Malang. Pantai ini sering digunakan sebagai lokasi surfing, karena ombaknya yang besar dan perairannya yang hampir tanpa batuan karang. Perlu diingat, tidak disarankan untuk berenang dipantai ini, sebagai gantinya jika ingin berenang bisa ke muara sungai yang berada di sebelah timur Pantai Nganteb. Di Pantai Nganteb ini terdapat wisata religi berupa Pendopo Agung di Gunung Batok. Rute yang ditempuh untuk mencapai Pantai Nganteb ini bisa menuju arah Terminal Gadang lanjut ke Bululawang. Di Bululawang akan bertemu dengan jalan yang bercabang, ambillah jalur kiri untuk menuju Gondanglegi. Terus menuju arah ke Pantai Balekambang. Jarak menuju Pantai Nganteb dari pintu masuk berjarak sekitar 4 km. Hati-hati melewati jalan ini karena dominasi jalan tanah berbatu dan lebih berhati-hati lagi jika hujan.</p>', 'SELFIE RILEKS CAMPING SURFING', 'Rp 10.000,-', 'Rp 10.000,-', '-8.40994', '112.57677', 2),
(78, 7, 'BEKs3LDwZ7A', 'PANTAI GATRA', '<p style="text-align: justify;">Pantai Gatra berlokasi di Desa Tambakrejo, Kecamatan Sumbermanjing Wetan, Kabupaten Malang. Pantai Gatra termasuk pantai yang tersembunyi dan bebas dari berbagai macam sampah (kecuali sampah bawaan dari arus laut itu sendiri). Bebas dari berbagai macam sampah karena, di pantai ini mempunyai aturan, setiap pengunjung harap melapor ketika akan mengunjungi pantai ini. Maksud dari melapor adalah petugas akan mengecek setiap bawaan dari pengunjung dan akan dicatat. Hal ini dimaksudkan agar para pengunjung tertib dalam menjaga kebersihan pantai. Jika pengunjung lupa akan sampah bawaannya ketika dicek kembali, pengunjung akan diminta untuk kembali ke lokasi untuk mencari dan mengumpulkan sampahnya tapi jika tidak pengunjung akan dikenakan denda sebesar Rp 100.000,-/item yang dibawa. Aturan ini diberlakukan sangat ketat di pantai ini. Untuk menuju ke Pantai Gatra ini melewati Turen dan mengikuti arah ke Sendang Biru. Jalur setapak permanan telah dibangun tapi belum seluruhnya, sebagian besar jalan masih melewati tanah. Saat musim kering dan tanah keras, hanya kendaraan roda dua yang bisa masuk hingga pintu masuk, selebihnya harus jalan kaki sepanjang kurang lebih 500 m menuju Pantai Gatra. Pantai Gatra masuk dalam kawasan Clungup Mangrove Conservation (CMC).</p>', 'SELFIE CAMPING PIKNIK RILEKS KANO TRACKING ADVENTURE PANORAMA', 'Rp 10.000,-', 'Rp 10.000,-', '-8.44263', '112.66966', 2),
(79, 7, 'oHSulYh5L5s', 'PANTAI GOA CINA', '<p>Pantai Goa Cina terletak di Desa Sitiarjo, Kecamatan Sumbermanjing Wetan, Kabupaten Malang. Membutuhkan waktu kira-kira 3 jam untuk mencapai Pantai ini dari Malang Kota.</p>', 'SELFIE RILEKS CAMPING PANORAMA', 'Rp 10.000,-', 'Rp 10.000,-', '-8.44712', '112.65145', 3),
(80, 7, 'jofnfWBK1M4', 'PANTAI JEMBATAN PANJANG', '<p style="text-align: justify;">Tiket memasuki pantai ini biayanya Rp 5.000,-. Pantai Jembatan Panjang ini bersebelahan dengan Pantai Balekambang tepatnya di sebelah barat, di Desa Sumberbening, Kecamatan Bantur, Kabupaten Malang. Tempat ini cocok sekali jika digunakan untuk spot pemotretan. Akses menuju Pantai Jembatan Panjang ini rutenya sama saat kita mau menuju ke Pantai Balekambang. Pantai ini dapat dicapai melalui Kecamatan Gondanglegi dan Bantur dilanjutkan ke Desa Sumberbening. Sekitar &plusmn; 65 km di Kecamatan Bantur di sebelah selatan Kota Malang.</p>', 'SELFIE RILEKS CAMPING PANORAMA', 'Rp 5.000,-', 'Rp 5.000,-', '-8.40226', '112.53018', 3),
(81, 7, 'RsNLsFHpEZs', 'PANTAI LENGGOKSONO', '<p style="text-align: justify;">Pantai Lenggoksono terletak di Dusun Lenggoksono, Desa Purwodadi, Kecamatan Tirtoyudo, Kabupaten Malang. Perjalanan menuju pantai ini jika dari Malang Kota &plusmn; 3 jam ke arah Dampit dan jalannya berliku-liku, naik turun dan cukup sempit. Pantai ini cukup panjang, berpasir putih dan rindang. Banyak sekali padagang-pedagang makanan disekitar pantai. Adanya fasilitas toilet dan kamar bilas. Tersedia persewaan alat-alat snorkeling. Dan jika ingin bermalam disini, bisa mendirikan tenda. Dari Pantai Lenggoksono ini, pengunjung bisa menyebrang menggunakan kapal-kapal yang disediakan menuju ke Teluk Kletakan, Pantai Bolu-Bolu dan Banyu Anjlok.</p>', 'SELFIE RILEKS CAMPING SURFING SNORKELING PANORAMA', 'Rp 10.000,-', 'Rp 10.000,-', '-8.37237', '112.83893', 2),
(82, 7, 'oRq0Xb-P2yQ', 'PANTAI NGUDEL', '<p style="text-align: justify;">Pantai Ngudel berlokasi di Desa Sindurejo, Kecamatan Gedangan, Kabupaten Malang, Jawa Timur. Tiket masuk untuk masuk pantai ini Rp 10.000 dan biaya parkir dikenakan biaya Rp 15.000 Beberapa hal yang dapat dilakukan dipantai ini adalah bermain air, bermain pasir pantai, minum es kelapa muda dan berfoto, bisa juga pengunjung ikut berpartisipasi dalam pelepasan tukik/penyu kecil. Tapi perlu diingat bahwa ombak di pantai ini tergolong cukup tinggi, maka dianjurkan untuk tidak berenang hingga ke tengah pantai. Pantai ini berjarak kurang lebih 60 km dari Malang dan bisa menghabiskan waktu kira-kira 2 jam perjalanan dengan kendaraan pribadi melalui rute Gadang menuju ke Turen lalu menuju arah Sumbermanjing Wetan dan ke arah Jalur Lintas Selatan.</p>', 'SELFIE RILEKS PANORAMA CAMPING', 'Rp 10.000,-', 'Rp 10.000,-', '-8.41675', '112.58593', 7),
(83, 7, 'GUuMt46pW6w', 'PANTAI PARANG DOWO', '<p style="text-align: justify;">Pantai Parang Dowo berlokasi di Desa Gajahrejo, Kecamatan Gedangan Kabupaten Malang. Di pantai ini pengunjung dapat melakukan aktifitas bermain air, bermain pasir, dan lain-lain. Untuk mencapai pantai ini harus menggunakan kendaraan pribadi, karena masih termasuk kawasan yang tidak dilalui angkutan umum.</p>', 'SELFIE RILEKS CAMPING PANORAMA', 'Rp 10.000,-', 'Rp 10.000,-', '-8.42838', '112.62536', 2),
(84, 7, 'wmgmxJoYNfQ', 'PANTAI SENDANG BIRU', '<p style="text-align: justify;">Pantai Sendang Biru terletak di Dusun Sendang Biru, Desa Tambakrejo, Kecamatan Sumbermanjing Wetan, Kabupaten Malang. Pantai ini berjarak sekitar 30 Km sebelah selatan Kota Malang. Pantai ini berdekatan dengan Pulau Sempu yang dapat ditempuh hanya beberapa menit menggunakan perahu dari Pantai Sendang Biru. Pantai ini menjadi tempat berlabuhnya perahu-perahu nelayan dan pelelangan ikan.</p>', 'SELFIE PIKNIK RILEKS CAMPING ADVENTURE PANORAMA', 'Rp 10.000,-', 'Rp 10.000,-', '-8.43183', '112.68647', 4),
(85, 7, 'RwJI7TpeVvU', 'PANTAI SENDIKI', '<p style="text-align: justify;">Pantai Sendiki terletak di Desa Tambakrejo, Sumbermanjing Wetan, Kabupaten Malang. Pantai ini masih terletak pada satu garis dengan Pantai Sendang Biru. Pengunjung dimanjakan oleh hamparan pasir putih dan panorama yang sangat indah. Pantai ini juga terdapat area untuk camping. Jalan menuju pantai ini mudah diakses untuk kendaraan roda dua maupun roda empat. Jarak dari pusat Kota Malang sekitar 60 km dan waktu yang ditempuh sekitar 3 jam perjalanan.</p>', 'SELFIE RILEKS CAMPING PIKNIK TRACKING ADVENTURE PANORAMA', 'Rp 10.000,-', 'Rp 10.000,-', '-8.41681', '112.72594', 3),
(86, 7, 'ADWQfRWVXz4', 'PANTAI SIPELOT', '<p style="text-align: justify;">Pantai Sipelot terletak di Desa Pujiharjo, Kecamatan Tirtoyudo, Kabupaten Malang. Pantai ini mempunyai pemandangan yang mempesona, mempunyai garis pantai yang panjang, pasir yang kecoklatan. Jika ingin berkemah, pantai ini cocok untuk spot berkemah. Disebelah timur pantai bisa menikmati air payau yang kehijauan yang indah yang dikelilingi perbukitan kapur dan tebing-tebing tinggi. Disini pengunjung bisa berfoto, camping, snorkeling. Akses menuju pantai ini jalannya agak sempit, maka disarankan bagi para pengunjung untuk menggunakan kendaraan pribadi terutama motor karena lebih praktis. Jalannya berkelok-kelok dan naik turun. Rutenya dari Malang Kota ke arah selatan menuju Gadang - Kecamatan Bululawang - Kecamatan Turen - Kecamatan Dampit - Kecamatan Tirtoyudo ikuti petunjuk menuju Desa Pujiharjo. Papan petunjuk Pantai Sipelot sudah tersedia, jadi pengunjung dapat dengan mudah sampai ke lokasi.</p>', 'SELFIE RILEKS CAMPING PANORAMA', 'N/A', 'N/A', '-8.38061', '112.89923', 2),
(87, 7, '_DC9KSCgioU', 'PANTAI TAMBAN', '<p style="text-align: justify;">Pantai Tamban ini berlokasi di Desa Tambakrejo, Kecamatan Sumbermanjing, Kabupaten Malang. Banyak penunjuk jalan menuju ke pantai ini bagi para pengunjung yang belum pernah mengunjungi pantai ini sebelumnya. Pertama menuju ke arah selatan Malang Gadang - Bululawang - Turen - Sumbermanjing Wetan atau mengikuti petunjuk jalan Pantai Sendang Biru. Jalan ini cukup baik untuk dilalui kendaraan roda 2 maupun roda 4. Para pengunjung bisa melakukan aktifitas seperti memancing.</p>', 'SELFIE RILEKS KULINER CAMPING PANORAMA', 'Rp 10.000,-', 'Rp 10.000,-', '-8.41729', '112.70987', 3),
(88, 7, 'PfpKI-dJbho', 'PANTAI TIGA WARNA', '<p style="text-align: justify;">Pantai Tiga Warna terletak di Desa Tambakrejo, Kecamatan Sumbermanjing Wetan, Kabupaten Malang. Pantai yang mempunyai pasir putih yang lembut dan juga air laut yang jernih dan banyak terumbu karang menjadi suatu hal yang dicari oleh para pengunjung. Bermain air di sini cukup aman karena garis pantainya yang cukup panjang.&nbsp; Rute untuk menuju Pantai Tiga Warna melalui Gadang - Bululawang - Turen - ikuti arah ke Pantai Sendang Biru. Setelah perjalanan selama 2 jam, ada persimpangan menuju Pantai Goa Cina atau Pantai Sendang Biru. Lurus sekitar 2 km sampai menemukan persimpangan jalan. Ambil arah kiri menuju TPI (Tempat Pelelangan Ikan). Nanti akan masuk ke perkampungan warna dan ambillah arah ke Clungup Mangrove Conservation (CMC). Mangrove Conversation dan Pantai Clungup adalah pintu masuk pertama sebelum memasuki area PantaI Tiga Warna. Jika menggunakan motor, sangat bisa melalui jalan sempit. Tapi jika menggunakan mobil harus parkir sekitar 1 Km sebelum masuk ke Clungup Mangrove Conservation lalu dilanjutkan dengan jalan kaki. Jika ingin mengunjungi Pantai Tiga Warna ini pengunjung diwajibkan untuk memakai jasa guide. Pantai Tiga Warna termasuk pantai yang tersembunyi dan bebas dari berbagai macam sampah (kecuali sampah bawaan dari arus laut itu sendiri). Bebas dari berbagai macam sampah karena, di pantai ini mempunyai aturan, setiap pengunjung harap melapor ketika akan mengunjungi pantai ini. Maksud dari melapor adalah petugas akan mengecek setiap bawaan dari pengunjung dan akan dicatat. Hal ini dimaksudkan agar para pengunjung tertib dalam menjaga kebersihan pantai. Jika pengunjung lupa akan sampah bawaannya ketika dicek kembali, pengunjung akan diminta untuk kembali ke lokasi untuk mencari dan mengumpulkan sampahnya tapi jika tidak pengunjung akan dikenakan denda sebesar Rp 100.000,-/item yang dibawa. Aturan ini diberlakukan sangat ketat di pantai ini. Untuk berkunjung ke pantai ini, pengunjung dibatasi waktu selama 2 jam.</p>', 'SELFIE SNORKELING PIKNIK RILEKS TRACKING ADVENTURE PANORAMA', 'Rp 10.000,-', 'Rp 10.000,-', '-8.43914', '112.67779', 3),
(89, 7, 'GlljLJYXeAk', 'PANTAI UNGAPAN', '<p style="text-align: justify;">Pantai Ungapan berlokasi di Desa Gajahrejo, Kecamatan Gedangan, Kabupaten Malang. Jika dari Kota Malang langsung saja ke selatan melewati Gadang, lalu ikuti petunjuk jalan yang mengarah ke Bululawang dan Krebet. Sampai di pertigaan Krebet, ikuti petunjuk jalan Turen dan Sumbermanjing Wetan. Sampai di pertigaan Turen belok ke arah selatan menuju Pantai Sendang Biru. Ikuti sampai di Jalur Lintas Selatan (JLS), setelah itu ikuti petunjuk ke Pantai Ungapan.</p>', 'SELFIE RILEKS CAMPING PANORAMA', 'Rp 10.000,-', 'Rp 10.000,-', '-8.43648', '112.64149', 5),
(90, 7, '1oReZ2miPLU', 'PANTAI WEDI AWU', '<p style="text-align: justify;">Pantai Wedi Awu ini termasuk pantai yang masi belum banyak diketahui masyarakat tetapi bagi para traveller, pantai ini mampu memikat para pengunjung. Pantai yang terletak di Dusun Balearjo, Desa Purwodadi, Kecamatan Tirtoyudo, Kabupaten Malang ini mempunyai gelombang yang cukup baik untuk olahraga selancar. Lokasi pantai ini bersebelahan dengan Pantai Lenggoksono. Jika pengunjung menemukan jalan bercabang dua, jika lurus ke Pantai Lenggoksono, jika Pantai Wedi Awu ambil jalan cabang sebelah kirinya. Namun hati- hati jalan menuju Pantai Wedi Awu ini agak sempit, bahaya bila tidak berhati-hati ketika setelah hujan. Pantai Wedi Awu berjarak sekitar 74 km dari pusat Kota Malang dan memakan waktu &plusmn; 2,5 - 3 jam perjalanan.</p>', 'SELFIE RILEKS CAMPING PANORAMA', 'N/A', 'N/A', '-8.37620', '112.84647', 2),
(91, 5, 'XumfM6Poavw', 'AGRO WISATA PETIK JERUK SELOREJO DAU', '<p style="text-align: justify;">Agro Petik Jeruk terletak di Desa Selorejo, Kecamatan Dau, Kabupaten Malang. Disini pengunjung bisa memetik kemudian menikmati buah jeruk langsung dari pohonnya dan juga akan disuguhi dengan pemandangan alam perkebunan jeruk yang cukup luas, asri dan udara yang sejuk.</p>', 'SELFIE PENDIDIKAN WISATA PETIK ADVENTURE PERTANIAN', 'FREE', 'FREE', '-7.93911', '112.55392', 12),
(92, 5, 'G-h3GEfUQDQ', 'AGRO SALAK SWARU (PUSAT OLEH-OLEH)', '<p style="text-align: justify;">Terletak di Desa Swaru, Desa Kademangan, Kecamatan Pagelaran, Kabupaten Malang dengan luas lahan sekitar 300 Ha dan produksi kira-kira sekitar 38 ton/Ha. Salak merupakan buah yang mempunyai banyak kandungan gizi yang cukup lengkap. Selain dapat menikmati buah salak sepuasnya, pengunjung berkesempatan melihat proses pembuatan kripik dan jenang/dodol buah yang dibuat oleh salah satu pabrik olahan salak. Di Agro Salak Swaru ini pengunjung dapat membeli oleh-oleh olahan salak seperti kopi biji salak, dodol salak, kurma salak, manisan salak, teh salak, sirup salak, sari salak, dan selai salak.</p>', 'EDUKASI PENDIDIKAN PENGOLAHAN SALAK', 'FREE', 'FREE', '-8.21243', '112.60898', 6),
(93, 4, 'JyBPrqV3NKw', 'BONDERLAND', '<p style="text-align: justify;">Taman wisata air ini terletak di Jalan Embong Turi, Dusun Bunder, Desa Genengan, Kecamatan Pakisaji, Kabupaten Malang. Tempat ini mudah dijangkau, hanya berjarak kurang lebih 8 km dari pusat Kota Malang dan akses jalan sangat mudah. tiket masuk untuk hari-hari biasa Rp 15.000,- sedangkan untuk waktu weekend Rp 20.000,- dan untuk biaya parkir gratis.&nbsp; Pada hari libur, pengunjung dapat menikmati &ldquo;Special Show Theater&rdquo; yang akan ditampilkan oleh team kreatif yang bersangkutan. Di Bonderland ini terdapat Kampoeng Seni yang digunakan sebagai tempat untuk memamerkan hasil seni. Tempat wisata ini buka mulai pukul 07.00 &ndash; 17.00 WIB.</p>', 'SELFIE RENANG RILEKS', 'Rp 15.000,-', 'Rp 15.000,-', '-8.04895', '112.60855', 4),
(94, 4, 'vh1Co7N2kgo', 'HAWAI WATERPARK', '<p style="text-align: justify;">Hawai Waterpark merupakan salah satu permainan air terbesar yang berlokasi di Jalan Graha Kencana Raya, Desa Banjararum, Kecamatan Singosari, Kabupaten Malang, Jawa Timur. Harga tiket untuk masuk ke lokasi ini, untuk Weekday RP 75.000,- dan Weekend Rp 100.000,-. Jam operasional Hawai Waterpark ini Senin - Jumat 10.00 - 16.00 WIB, Sabtu- Minggu 08.00 - 17.00 WIB dan hari libur nasional 08.00 - 17.00 WIB. Banyak sekali jenis-jenis wahana air yang disediakan disini antara lain Hawai Water House, Waikiki Beach, Ekolu Slide, Hula-Hula Slide, Water Plaza, dan lain-lain.</p>', 'SELFIE RILEKS PIKNIK ADVENTURE RENANG', 'Rp 75.000,-', 'Rp 75.000,-', '-7.92346', '112.65825', 3),
(95, 4, 'FLBdGAGNHqw', 'PETUNGSEWU WILDLIFE EDUCATION CENTER (P-WEC)', '<p style="text-align: justify;">P-WEC (Petungsewu Wildlife Education Center) adalah pusat pendidikan informal tentang konservasi alam, outbound dan green adventure yang sudah berdiri sejak 2003 di Desa Petungsewu, Kecamatan Dau, Kabupaten Malang. P-WEC merupakan sebuah program kerjasama antara Petungsewu Adventure dan lembaga Protection of Forest and Fauna (PROFAUNA). Akses untuk mencapai ke lokasi cukup mudah bisa ditempuh dengan mobil, motor bahkan angkutan umum. Letaknya agak tersembunyi di dalam desa yang melewati hutan, kebun dan sawah. Tapi jangan khawatir, terdapat papan petunjuk bertuliskan P-WEC sebagai penanda arah untuk menuju ke lokasi.</p>', 'SELFIE EDUKASI OUTBOND ADVENTURE TRACKING', 'FREE', 'FREE', '-7.95214', '112.54322', 6),
(96, 3, 'sX8WFWw-bQ4', 'CANDI SUMBERAWAN', '<p style="text-align: justify;">Candi Sumberawan terletak di Desa Toyomarto, Kecamatan Singosari, Kabupaten Malang. Candi ini hanya berbentuk seperti stupa Buddha peninggalan Kerajaan Singosari. Suasana di area Candi Sumberawan ini sangat teduh dan tenang cocok sebagai tempat meditasi. Di lokasi candi ini ada sumber air yang disebut oleh warga sekitar adalah sumber air bertuah dan airnya sangat bening. Candi Sumberawan digunakan sebagai tempat ibadah umat Buddha dan Hindu dan juga sebagai tempat untuk ritual kejawen. Candi ini diperkenalkan kembali dengan nama &ldquo;Kampoeng Wisata Sumberawan&rdquo; oleh tim mahasiswa yang menggandeng beberapa pihak lain, yakni Perhutani dan Lembaga Kemitraan Desa Pengelola Hutan (LKDPH) Desa Toyomarto. Letak candi ini sangat unik, yakni terletak ditengah-tengah hutan, dan hutan tersebut terletak di tengah padatnya pemukiman penduduk. Rute untuk mencapai candi ini ikuti saja arah Malang - Pandaan sampai melewati Pasar Singosari. Setelah Pasar Singosari akan ada pertigaan dengan arah Polsek Singosari, lalu belok di pertigaan tersebut dan tiba di Jl. Kartanegara. Tepat di perempatan dekat Candi Singosari akan ada papan petunjuk arah menuju Candi Sumberawan. Jika dari Candi Singosari hanya berjarak sekitar 6 Km menuju Candi Sumberawan dan lebih baik bertanya kepada penduduk sekitar. Untuk sampai ke kompleks candi, pengunjung harus memarkir kendaraannya ditempat yang disediakan dan lanjut dengan berjalan kaki dengan melewati jembatan kecil. Jangan lupa untuk mengisi buku tamu dan membayar biaya retribusi sukarela.</p>', 'SELFIE PENDIDIKAN SEJARAH CAGAR BUDAYA OUTBOND PIKNIK CAMPING RILEKS', 'Rp 5.000,-', 'Rp 5.000,-', '-7.85534', '112.64483', 6),
(97, 3, 'xCsk73MPBCQ', 'CANDI BADUT', '<p style="text-align: justify;">Candi Badut terletak di Desa Karangbesuki, Kecamatan Dau, Kabupaten Malang. Jika berwisata di Candi ini, kita akan dapat melihat bahwa Candi ini menghadap ke arah barat dan dikelilingi oleh gunung- gunung antara lain Gunung Kawi di sebelah selatan, Gunung Arjuna di barat, Gunung Tengger di sebelah utara dan Gunung Semeru di sebelah timur. Candi Badut digunakan untuk kegiatan rutin ibadah sebelum Hari Raya Nyepi. Cagar budaya ini buka setiap hari mulai pukul 08.00 &ndash; 16.00 WIB dan pengunjung tidak dikenakan tarif khusus. Rute yang harus ditempuh jika menggunakan kendaraan pribadi dari Kota Malang yakni menuju ke jalan Retawu tepat di sebelah utara Museum Brawijaya. Ikuti jalan ke arah barat melewati Jalan Bondowoso, Jalan Raya Tidar, Jalan Puncak Mandala, Jalan Puncak Yamin, Jalan Esberg lalu belok kanan melewati ujung Jalan Himalaya. Dari sini kita dapat menemui Jalan Candi VD, dimana lokasi candi berada di kiri jalan, tepat di depan TK Dharma Wanita II Karangbesuki. Jika menggunakan kendaraan umum dari Kota Malang kita bisa naik mikrolet jurusan Arjosari - Tidar (AT) dan turun di pojok Jalan Himalaya. Dari Jalan Himalaya harus berjalan ke arah utara kurang lebih 300 meter hingga sampai di lokasi Candi.</p>', 'SELFIE PENDIDIKAN SEJARAH CAGAR BUDAYA', 'FREE', 'FREE', '-7.9578', '112.59852', 2),
(98, 2, 'spsXAZ0QzqI', 'WENDIT WATERPARK', '<p style="text-align: justify;">Wendit Waterpark merupakan Objek Wisata yang berlokasi di Desa Mangliawan, Kecamatan Pakis, Kabupaten Malang. Air di Wendit Water Park ini berasal dari sumber alami yang bernama Sendang Widodaren. Di Wendit Water Park banyak kera berekor panjang. Untuk mencapai ke lokasi ini menempuh jarak kurang kebih 8 km dari pusat kota Malang. Wendit waterpark ini dibuat dengan biaya masuk sebesar Rp 18.200,- dan biaya parkir dikenakan Rp 5.000,-.</p>', 'PIKNIK PEMANDIAN RENANG RILEKS BERENDAM SELFIE', 'Rp 18.200,-', 'Rp 18.200,-', '-7.95216', '112.6741', 2),
(99, 2, 'FfAnn3e25NY', 'WISATA RELIGI SUMUR PITU', '<p style="text-align: justify;">Wisata Religi Sumur Pitu terletak di Desa Sumberbening, Kecamatan Bantur, Kabupaten Malang dan berada di dalam kompleks Pantai Jembatan Panjang. Wisata Religi Sumur Pitu terkenal dengan hutan bambunya yang unik. Di Sumur Pitu ini biasanya pengunjung melakukan aktivitas berdoa maupun bertapa.</p>', 'BERDOA BERTAPA SUMUR AIR SUCI', 'FREE', 'FREE', '-8.40167', '112.53159', 4),
(100, 2, 'gaGJDW-DPUo', 'DESA WISATA NGADAS', '<p style="text-align: justify;">Desa WIsata Ngadas berada di dalam wilayah teritori Taman Nasional Bromo Tengger Semeru, maka dari itu desa ini selalu diselimuti kabut tipis. Desa ini merupakan desa tertinggi di Jawa karena topografi Desa Ngadas sendiri adalah pegunungan dengan iklim Montana. Suhu disini sekitar 0 &ndash; 20 derajat celcius. Desa ini satu-satunya desa yang didiami oleh Suku Tengger. Tersedia banyak rumah-rumah penduduk yang dijadikan homestay bagi pengunjung yang ingin bermalam, dapat juga menikmati matahari terbit di Penanjakan atau Bromo, dll. Untuk mencapai tempat wisata ini, dari Kota Malang setidaknya pengunjung harus menempuh jarak sekitar 30 kilometer dan harus melewati jalanan yang terbilang curam sejauh kurang lebih dua jam perjalanan.</p>', 'SELFIE DESA WISATA DI ATAS AWAN RILEKS PERTANIAN', 'N/A', 'N/A', '-7.98286', '112.90881', 3),
(101, 1, 'KNtEDUS51sg', 'SUMBER PITU', '<p style="text-align: justify;">Sumber Pitu merupakan Objek Wisata yang berlokasi di Desa Duwet Krajan, Kecamatan Tumpang, Kabupaten Malang. Dinamakan sumber pitu karena di lokasi tersebut ada tujuh sumber mata air. Selain terdapat sumber, di Sumber Pitu juga terdapat goa dan air terjun. Menikmati objek wisata ini tidak dikenakan biaya.</p>', 'SELFIE SUMBER ADVENTURE TRACKING BERENDAM UNDERWATER AIR TERJUN', 'FREE', 'FREE', '-8.0136', '112.82169', 20),
(102, 1, 'ruTAGSwp11g', 'SUMBER MARON', '<p style="text-align: justify;">Sumber Maron merupakan salah satu destinasi wisata yang banyak di datangi pengunjung dari warga lokal maupun internasional yang ingin merasakan sensasi kesegaran air yang sangat bening dan merasakan sensasi air terjun kecil yang ada dan pengunjung dapat menikmati sensasi river tubing disini dengan tarif yang murah hanya Rp 5.000,- untuk ban sepuasnya. Jangan khawatir untuk bermain river tubing, karena disini telah ada penjaga untuk membantu jika diperlukan. Di lokasi ini juga banyak pedagang-pedagang yang menjajakan jualannya seperti makanan, minuman bahkan keperluan yang dibutuhkan untuk bermain air. Untuk tarif masuk ke Sumber Maron ini sangat murah, hanya Rp 3.000,-. Singkat sejarah Sumber Maron ini merupakan sumber air jernih yang berada diantara sawah dan hutan-hutan disekitarnya. Lokasinya terletak di Dusun Adiluwih, Desa Karangsuko, Kecamatan Pagelaran, Kabupaten Malang.</p>', 'SELFIE RILEKS PIKNIK TRACKING ADVENTURE TUBING', 'Rp 3.000,-', 'Rp 3.000,-', '-8.1655', '112.59374', 20),
(104, 1, 'U2-K6iTHQSY', 'BEDENGAN ADVENTURE PARK', '<p style="text-align: justify;">Bedengan Adventure Park merupakan Bumi Perkemahan yang berlokasi di Dusun Selokerto, Desa Selorejo, Kecamatan Dau, Kabupaten Malang. Di tempat ini dapat digunakan untuk camping maupun hanya sekedar ingin menikmati hutan pinus dengan menggunakan hammock. Menikmati keindahan alam ini tidak dibanderol biaya.</p>', 'SELFIE CAMPING ADVENTURE TRACKING HAMMOCK', 'FREE', 'FREE', '-7.93954', '112.53057', 9),
(105, 1, '_0RL25VLQgQ', 'WADUK SELOREJO', '<p style="text-align: justify;">Waduk dengan ketinggian 600 mdpl ini terletak di Kecamatan Ngantang, Kabupaten Malang, Jawa Timur. Waduk ini dikelilingi oleh Gunung Kelud, Gunung Anjasmoro dan Gunung Kawi. Untuk menuju ke lokasi ini ditempuh dengan rute yang mudah. Dengan menggunakan kendaraan pribadi bisa melewati jalur Kabupaten Malang - Batu - Selorejo &plusmn; 60 km. Dengan menggunakan Bus, bisa menggunakan jalur Kediri - Malang atau Jombang - Malang, begitupun sebaliknya. Disini juga tersedia Food CentEeR dan berbagai kios-kios yang memperjualbelikan berbagai souvenir.</p>', 'SELFIE RILEKS MANCING KULINER', 'Rp 13.000,-', 'Rp 13.000,-', '-7.87739', '112.36103', 7),
(106, 1, 'kZVlcWh35GI', 'BENDUNGAN KARANGKATES', '<p style="text-align: justify;">Bendungan Karangkates merupakan Objek Wisata yang berlokasi di Kecamatan Sumberpucung, Kabupaten Malang. Bendungan ini juga bisa disebut Waduk Ir. Sutami, Waduk Karangkates, atau Bendungan Sutami. Air bendungan ini berasal dari mata air di Gunung Arjuno dan ditambah air hujan. Untuk memasuki kawasan wisata ini dikenakan biaya masuk sebesar Rp 7.000,- dan biaya parkir sebesar Rp 4.000,-.</p>\r\n<p style="text-align: justify;">&nbsp;</p>', 'SELFIE MANCING PIKNIK BELAJAR RENANG', 'Rp 7.000,-', 'Rp 7.000,-', '-8.15589', '112.4494', 9),
(107, 1, 'okTNVnvK5Ao', 'COBAN BIDADARI', '<p style="text-align: justify;">Coban Bidadari merupakan destinasi wisata air terjun yang berada di kawasan pintu gerbang Taman Nasional Bromo Tengger Semeru. Wisata air terjun ini terletak di Desa Gubuk Klakah, Kecamatan Poncokusumo, Kabupaten Malang. Di Coban Bidadari juga terdapat tempat makan bernama "Cafe in Puncak" yang dapat digunakan untuk menikmati pemandangan Coban Bidadari dari atas.</p>', 'SELFIE ADVENTURE TRACKING SPOT FOTO RILEKS', 'Rp 10.000,-', 'Rp 10.000,-', '-8.0061', '112.86482', 4),
(108, 1, '_Mokaf5qK2Y', 'COBAN JAHE', '<p style="text-align: justify;">Coban Jahe, sekilas pasti anda akan bertanya-tanya kenapa dinamakan Coban Jahe? Kebanyakan orang pasti akan mengira nama air terjun diambil dari salah satu nama rempah-rempah namun ternyata nama Jahe dimaksudkan nama yang dibuat untuk mengenang perjuangan pahlawan kemerdekaan RI sekitar tahun 1947- 1948. Nama Jahe diambil dari bahasa jawa &lsquo;Pejahe&rsquo; yang berarti meninggal dunia. Coban ini merupakan salah satu wisata air terjun yang terdapat di Kabupaten Malang, tepatnya di Dusun Begawan , Desa Pandansari Lor, Kecamatan Jabung dan masih satu kawasan dengan kawasan Perhutani Unit II RPH Sukopuro - Jabung Kabupaten Malang. Coban Jahe menyuguhkan kealamian alam dengan banyaknya dedaunan dan rerumputan yang dibiarkan tumbuh bebas. Dilokasi ini juga banyak tumbuh pohon mahoni yang menambah suasana kesejukan alam Coban Jahe. Objek wisata ini berjarak sekitar 23 Km dari Kota Malang dan dapat ditempuh dengan kendaraan roda 2 atau roda 4 dengan mengambil arah ke Tumpang. Sesampainya di Tumpang belok ke kiri ke Desa Pandansari Lor, Dusun Begawan. Sampai di pintu masuk Coban Jahe, perjalanan ditempuh cukup sulit ditempuh dengan kendaraan bermotor karena berupa jalan setapak tanah dan ada beberapa bagian jalan yang makadam.</p>', 'SELFIE TRACKING ADVENTURE COBAN HAMMOCK RAFTING', 'N/A', 'N/A', '-7.96946', '112.80299', 6),
(109, 1, '2abq457lJRM', 'COBAN PELANGI', '<p style="text-align: justify;">Coban Pelangi merupakan Objek Wisata yang berlokasi di Desa Gubuk Klakah, Kecamatan Poncokusumo, Kabupaten Malang. Coban Pelangi mengalir dari sebuah tebing dengan ketinggian 30 m. Bila beruntung, para pengunjung juga bisa menyaksikan pelangi yang terbias dari pucuk-pucuk tebing. Biaya yang dikeluarkan untuk wisatawan domestik sebesar Rp 10.000,- dan untuk wisatawan internasional sebesar Rp 15.000,-. Untuk biaya parkir dikenakan biaya hanya Rp 5.000,- saja. Jika berangkat dari arah Malang, letak coban searah dengan Bromo. Jadi sebelum mencapai Bromo, akan dijumpai sebuah papan nama dimana letak air Coban Pelangi berada. Sesampai dilokasi, wisatawan diharuskan untuk berjalan kaki sejauh kurang lebih 1 km menuju lokasi Coban Pelangi.</p>', 'SELFIE ADVENTURE TRACKING CAMPING AIR TERJUN', 'Rp 10.000,-', 'Rp 15.000,-', '-8.01149', '112.86535', 5),
(110, 1, '2xc8JsFMAnc', 'COBAN RONDO', '<p style="text-align: justify;">Coban Rondo merupakan Objek Wisata yang berlokasi di Desa Pandesari, Kecamatan Pujon, Kabupaten Malang. Air Terjun di Coban Rondo memiliki ketinggian 84 m dan merupakan wisata air terjun yang paling mudah di tempuh. Biaya masuk disini dibedakan antara wisatawan domestik dan internasional. Untuk pengunjung domestik dikenakan tarif masuk Rp 20.000,- sedangkan untuk wisatawan internasional dikenakan tarif Rp 35.000,-. Untuk parkir dikenakan biaya Rp 10.000,-.</p>', 'SELFIE RILEKS ADVENTURE TRACKING CAMPING PIKNIK GATHERING AIR TERJUN', 'Rp 20.000,-', 'Rp 35.000,-', '-7.88503', '112.47729', 5),
(111, 1, 'xOiavL7On48', 'EKO WISATA BOON PRING ANDEMAN', '<p style="text-align: justify;">Eko Wisata Boon Pring Andeman merupakan salah satu tempat rekreasi alam dan edukasi yang terletak di Desa Sanankerto, Kecamatan Turen, Kabupaten Malang. Awalnya taman wisata ini adalah sumber mata air besar dan masih alami dan banyak dimanfaatkan penduduk sekitar untuk pengairan sawah. Akses menuju Taman Wisata ini jalannya sudah cukup mulus. Jika dari Kota Malang, dapat&nbsp; ditempuh dengan menggunakan kendaraan pribadi (roda 4/roda 2/bus pariwisata) sekitar 40 km. Apabila menggunakan angkutan umum (mikrolet/minibus) dengan arah tujuan Kecamatan Turen dari Terminal Pasar Gadang dengan waktu tempuh kurang lebih 35 menit. Tiket masuk dan tiket parkir lokasi wisata ini cukup murah.</p>', 'SELFIE RILEKS PIKNIK ADVENTURE', 'Rp 5.000,-', 'Rp 5.000,-', '-8.15577', '112.76196', 3),
(112, 1, '8ghj4SyTB1M', 'GUNUNG BROMO', '<p style="text-align: justify;">Gunung Bromo merupakan gunung yang paling banyak dikunjungi wisatawan di Provinsi Jawa Timur untuk menikmati sunrise. Gunung Bromo mempunyai ketinggian 2.392 mdpl. Di Gunung Bromo pengunjung bisa menikmati objek wisata lain seperti Puncak Seruni, Bukit Kingkong, dan Bukit Cinta untuk menikmati sunrise, Kawah Bromo, Pura Luhur Poten, Pasir Berbisik, dan Bukit Teletubbies. Gunung Bromo termasuk gunung berapi yang masih aktif. Letusan terbesar terjadi pada tahun 1974 dan kembali meletus pada tahun 2010. Pengunjung dapat melihat pemandangan gunung dengan adanya sebuah kawah. Untuk mengunjungi kawasan wisata Gunung Bromo ini, pengunjung diwajibkan untuk menyewa Jeep karena melihat kondisi alam yang akan susah jika dilewati kendaraan pribadi. Oleh karena itu, di Gunung Bromo banyak sekali persewaan Jeep untuk membantu para wisatawan mengelilingi kawasan wisata ini. Ada banyak rute yang ditempuh untuk dapat sampai ke kawasan wisata Gunung Bromo ini, bisa ditempuh dari Kabupaten Malang, Kabupaten Probolinggo dan Kabupaten Pasuruan. Sepanjang jalan mendekati lokasi Gunung, akan ada banyak sekali penginapan bagi para wisatawan, mulai dari homestay, villa hingga hotel. Untuk masuk ke kawasan wisata ini, wisatawan akan dikenakan tarif masuk Rp 27.500,-/orang.</p>', 'SELFIE PANORAMA SUNRISE PENANJAKAN ADVENTURE LAUTAN PASIR	JEEP TRACKING', 'Rp 27.500,-', 'Rp 217.500,-', '-7.94249', '112.95301', 2),
(113, 1, 'apCw8s6yRKw', 'HUTAN PINUS SEMERU', '<p style="text-align: justify;">Hutan Pinus Semeru terletak di Desa Sumberputih, Kecamatan Wajak, Kabupaten Malang, Jawa Timur. Masuk area wisata ini tidak dikenakan biaya alias gratis. Udara disini segar dan cukup nyaman untuk berlama-lama di tempat ini. Hutan Pinus Semeru juga cocok dijadikan spot foto bagi para penggila foto untuk di upload di sosial media serta didukung juga adanya banyak dan bermacam-macam spot untuk berfoto misalnya ayunan, rumah pohon dan lain-lain. Daya tarik dari kejauhan adalah terlihat banyaknya payung- payung yang bergantungan di antara pepohonan. Pengunjung juga bisa membawa ataupun menyewa hammock untuk digantung diantara pohon pinus. Hammock disini dikenakan biaya Rp 7.000,-. Jangan khawatir akan datangnya lapar dan haus, karena disini banyak sekali warung-warung di sepanjang jalan menuju area wisata. Jalan menuju ke Hutan Pinus Semeru ini cocok sekali bisa berkunjung kesini mengendarai mobil Off Road ataupun motor Trail. Lokasi Hutan Pinus Semeru ini sekitar 40 km dari kota Malang. Rute menuju Hutan Pinus Semeru bisa mengikuti petunjuk arah menuju Bululawang. Jika sampai pertigaan Krebet belok ke kiri arah Jalan Raya Bakalan. Sampai pertigaan Jalan Raya Kedok, akan menemukan Masjid Tibar. Setelah melewati masjid itu, lalu menuju arah Desa Sumberputih. Di sana akan ada petunjuk arah ke arah Hutan Pinus Semeru.</p>', 'SELFIE RILEKS HAMMOCK CAMPING', 'FREE', 'FREE', '-8.14647', '112.82597', 5),
(114, 1, 'M29Sv7KN1yw', 'KAMPOENG RIVER TUBING PAMOTAN', '<p style="text-align: justify;">Kampoeng River Tubing Pamotan terletak di Desa Pamotan, Kecamatan Dampit, Kabupaten Malang. Di Kampoeng River Tubing Pamotan terdapat wisata river tubing dengan jalur sepanjang 3,8 km. Selain itu di kampung ini juga terdapat wisata edukasi dengan menginap di rumah warga sekitar Kampoeng River Tubing&nbsp;</p>', 'SELFIE TRACKING ADVENTURE TUBING EDUKASI CAMPING', 'FREE', 'FREE', '-8.18838', '112.75468', 4),
(115, 1, '-5ct2YUoLXo', 'LEMBAH TUMPANG RESORT', '<p style="text-align: justify;">Lembah Tumpang Resort merupakan Objek Wisata yang berlokasi di Dusun Nglanggang, Desa Slamet, Kecamatan Tumpang, Kabupaten Malang. Lembah Tumpang Resort ini masih dalam proses pembangunan tetapi sudah banyak tempat yang bisa digunakan untuk berwisata. Kecamatan Tumpang merupakan pintu akses menuju kawasan wana wisata Taman Nasional Bromo Tengger. Datangnya ribuan wisatawan dan traveller dari mancanegara maupun dalam negeri, menarik investor untuk mendirikan sebuah Resort yang bernama Lembah Tumpang. Resort ini dibangun mulai tahun 2014 dan ditargetkan akan rampung tahun 2018. Di resort ini, mata pengunjung akan disuguhkan dengan nuansa pedesaan jaman kerajaan Hindu Jawa karena ornamen-ornamennya dan arsitekturnya kental dengan ornamen arca kerajaan. Di dalam Lambah Tumpang Resort, terdapat candi dan air terjun yang masih belum ada namanya. Meskipun Lembah Tempang ini sebuah resort, ketika memasuki kawasan ini tetap akan dikenakan biaya sebesar Rp 30.000,- dan biaya parkir Rp 5.000,-.</p>', 'SELFIE PIKNIK RENANG GATHERING RILEKS ADVENTURE', 'Rp 30.000,-', 'Rp 30.000,-', '-7.99458', '112.73803', 3),
(116, 1, 'P0l6DAT25Cc', 'NDAYUNG RAFTING', '<p style="text-align: justify;">Ndayung Rafting merupakan Objek Wisata yang berlokasi di Desa Gubuk Klakah, Kecamatan Poncokusumo, Kabupaten Malang. Letak Ndayung Rafting sendiri berada di aliran Sungai Amprong yang merupakan kawasan wisata alam Coban Pelangi yang berada di Taman Nasional Bromo Tengger Semeru. Selain untuk melakukan kegiatan rafting, di Ndayung Rafting terdapat fasilitas paket Bromo Sunrise untuk pengunjung yang menginap di Ndayung Rafting. Untuk sampai ke lokasi ini tidak dibutuhkan waktu yang cukup lama, hanya 45 menit saja dari bandara Abdurrahman Saleh atau 90 menit dari Kota Malang dengan berkendara. Kondisi jalan naik turun tapi jalannya halus dan beraspal. Mengunjungi lokasi ini hanya akan dikenakan biaya parkir saja sebesar Rp 5.000,-.</p>', 'RAFTING ADVENTURE SELFIE TRACKING CAMPING GATHERING', 'FREE', 'FREE', '-8.01406', '112.85337', 3),
(117, 1, 'DhqcjV2o234', 'PEMANDIAN KENDEDES', '<p style="text-align: justify;">Pemandian Kendedes merupakan Objek Wisata yang berlokasi di Jalan Kendedes, Desa Candirenggo, Kecamatan Singosari, Kabupaten Malang. Konon, pemandian ini dipercaya sebagai tempat mandi dari Putri Ken Dedes yang terkenal akan kecantikannya tersebut. Hal ini menimbulkan kepercayaan di masyarakat bahwa dengan mandi di pemandian ini maka akan membuat awet muda. Biaya yang dikeluarkan untuk menikmati suasana di Pemandian Kendedes sebesar Rp 10.000,-.</p>', 'RENANG SELFIE RILEKS PIKNIK', 'Rp 10.000,-', 'Rp 10.000,-', '-7.88154', '112.66017', 18),
(118, 4, 'ZzSTyEcfIcM', 'WISATA PETIK MADU AGRO TAWON RIMBA RAYA', '<p style="text-align: justify;">Wisata Petik Madu Agro Tawon Rimba Raya merupakan Objek Wisata yang berlokasi di Puri Kencana, Desa Bedali, Kecamatan Lawang, Kabupaten Malang. Wisata Agro ini dapat dijadikan sebagai tempat wisata edukasi tentang lebah. Selain edukasi tentang lebah, di tempat ini pengunjung bisa melakukan wisata petik jamur dan sayur. Kawasan wisata ini tidak dipungut biaya apapun.</p>', 'EDUKASI TERAPI WISATA PETIK LEBAH SELFIE ADVENTURE PERTANIAN', 'FREE', 'FREE', '-7.84885', '112.69511', 6),
(120, 1, 'yjQ5gRQnclA', 'SUMBER JENON', '<p style="text-align: justify;">Sumber Jenon terletak di Desa Gunung Ronggo, Kecamatan Tajinan, Kabupaten Malang. Bagi masyarakat sekitar tempat ini merupakan tempat berendam sekaligus terapi untuk berbagai macam penyakit karena memang warga sekitar mempercayai sumber ini sebagai media penyembuhan yang mujarab. Selain itu Sumber Jenon merupakan destinasi untuk hunting foto maupun berlibur. Sumber ini mempunyai air berwarna biru muda yang tertampung pada kolam dengan kedalaman sekitar 5 m dan spot yang paling dicari untuk para pengunjung adalah adanya batang pohon jenu di dalam kolam yang posisinya membujur dari posisi barat ke arah timur.</p>', 'RENANG RILEKS UNDERWATER SELFIE PIKNIK', 'FREE', 'FREE', '-8.04966', '112.71646', 2),
(121, 1, 'vhw_wfaeGcM', 'SUMBER SIRA', '<p style="text-align: justify;">Wisata Sumber Sira merupakan Objek Wisata yang berlokasi di Desa Sumberjaya, Kecamatan Gondanglegi, Kabupaten Malang. Sumber Sira merupakan salah satu tempat wisata air yang dapat digunakan untuk berenang maupun snorkeling karena airnya yang sangat jernih. Tapi sangat dianjurkan untuk berhati-hati ketika bersnorkeling dikarenakan ganggang di dasar air itu mudah patah. Rute untuk menuju kawasan wisata ini jika dari Kota Malang, bisa mengambil arah Bululawang, setelah itu ambil jalan lurus menuju Pabrik Gula Krebet sampai bertemu Pabrik Pioneer. Setelah itu belok ke sebelah kanan jalan, lalu bertemu dengan pertigaan pertama, ambil jalan lurus. Selanjutnya bertemu pertigaan kedua, ambil jalan belok kanan hingga memasuki sebuah gerbang kecil kemudian berjalan lurus hingga bertemu dengan jalan yang menyempit.</p>', 'SELFIE UNDERWATER PIKNIK RILEKS RENANG SNORKELING', 'RP 3.000,-', 'RP 3.000,-', '-8.12287', '112.6206', 2),
(122, 1, '6UZ8cWG-n_I', 'SUMBER TAMAN', '<p style="text-align: justify;">Sumber Taman terletak di Jalan Sumber Taman, Desa Karangsuko, Kecamatan Pagelaran, Kabupaten Malang. Tempat wisata ini terletak di antara dua desa yaitu Desa Karangsuko dan Desa Brongkal. Hanya membutuhkan waktu sekitar 45 menit dari Kota Malang dengan kendaraan pribadi tapi jika dari Gondanglegi membutuhkan waktu sekitar 15 menit ke arah barat. Sumber mata air dari Sumber Taman berasal dari dua batang pohon besar yang mengalirkan air melimpah. Area pemandian Sumber Taman cukup luas dengan kedalaman sekitar 1-1.5 m.</p>', 'SELFIE RILEKS RENANG UNDERWATER PIKNIK', 'FREE', 'FREE', '-8.17453', '112.59981', 2),
(123, 1, 'RbYHs2_lMN8', 'TAMAN WISATA LEMBAH DIENG', '<p style="text-align: justify;">Taman Wisata Lembah Dieng ini terletak di Jalan Wisata No. 99 Desa Kalisongo, Kecamatan Dau, Kabupaten Malang, Jawa Timur. Kawasan wisata ini menawarkan Kolam Renang bertaraf Internasional dan harga untuk memasuki kolam renang ini sangat terjangkau, hanya Rp 10.000,- - Rp 15.000,-/orang, dan parkir sebesar Rp 2.000,-. Air kolam disini berasal dari sumber mata air, jadi pengunjung akan merasakan kesegaran ketika berenang disini. Selain kolam renang, di Taman Wisata Lembah DIeng terdapat kolam pancing yang setiap hari minggu dapat memancing ikan tombro. Area wisata ini buka mulai pukul 06.00 - 18.00. Akses untuk menuju kawasan wisata ini hanya berjarak 3 Km dari pusat kota Malang.</p>', 'RENANG RILEKS MANCING SELFIE', 'FREE', 'FREE', '-7.96499', '112.59869', 3),
(124, 1, 'xRTRcYzYTZg', 'TUBING LEDOK AMPRONG', '<p style="text-align: justify;">Tubing Ledok Amprong merupakan Objek Wisata yang berlokasi di Desa Gubuk Klakah, Kecamatan Poncokusumo, Kabupaten Malang. River Tubing ini berada satu aliran dengan Coban Pelangi yaitu di Sungai Amprong. Tubing Ledok Amprong ini termasuk wisata adrenalin. Ledok Amprong adalah nama tempat di hulu Sungai Amprong. Istilah ledok dalam bahasa Jawa adalah tanah yang rendah atau cekungan. Derasnya aliran hulu Sungai Amprong berkisar 10-30 km/jam. Wisata ini beroperasi mulai pagi hingga pukul 4 sore. Hanya mempersiapkan uang Rp 5.000,- bisa langsung masuk dan menikmati keindahan sungai dan alam sekitar yang menyejukkan mata disini.</p>', 'TRACKING SELFIE ADVENTURE CAMPING TUBING', 'Rp 5.000,-', 'Rp 5.000,-', '-8.03208', '112.82791', 2);
INSERT INTO `wisata` (`wisata_id`, `kategori_id`, `wisata_url_video`, `wisata_nama`, `wisata_deskripsi`, `wisata_tag`, `wisata_htm_lokal`, `wisata_htm_intl`, `wisata_latitude`, `wisata_longitude`, `wisata_tampil`) VALUES
(125, 1, 'uc2h04P9FVY', 'WISATA AIR SUMBER KRABYAKAN', '<p style="text-align: justify;">Wisata Air Sumber Krabyakan merupakan Objek Wisata yang berlokasi di Desa Sumber Ngepoh, Kecamatan Lawang, Kabupaten Malang. Wisata Sumber Krabyakan yang berlokasi di kaki pegunungan menjadikan tempat ini dapat menghadirkan kenyamanan dan keharmonisan bagi pengunjungnya. Biaya masuk ke sumber air ini dikenakan Rp 5.000,- dan biaya parkir Rp 5.000,-.</p>', 'SELFIE BERENDAM RILEKS TERAPI IKAN SUMBER', 'Rp 5.000,-', 'Rp 5.000,-', '-7.84278', '112.72037', 2);

-- --------------------------------------------------------

--
-- Table structure for table `wisata_berfasilitas`
--

CREATE TABLE IF NOT EXISTS `wisata_berfasilitas` (
  `wistas_id` int(11) NOT NULL AUTO_INCREMENT,
  `wisata_id` int(11) NOT NULL,
  `faswis_id` int(11) NOT NULL,
  `wistas_status` text NOT NULL,
  PRIMARY KEY (`wistas_id`)
) ENGINE=InnoDB  DEFAULT CHARSET=latin1 AUTO_INCREMENT=1158 ;

--
-- Dumping data for table `wisata_berfasilitas`
--

INSERT INTO `wisata_berfasilitas` (`wistas_id`, `wisata_id`, `faswis_id`, `wistas_status`) VALUES
(1, 1, 1, 'Y'),
(2, 1, 2, 'N'),
(3, 1, 3, 'N'),
(4, 1, 4, 'Y'),
(5, 1, 5, 'N'),
(6, 1, 6, 'N'),
(7, 1, 7, 'Y'),
(8, 1, 8, 'Y'),
(9, 1, 9, 'Y'),
(10, 1, 10, 'N'),
(12, 2, 1, 'Y'),
(13, 2, 2, 'N'),
(14, 2, 3, 'N'),
(15, 2, 4, 'Y'),
(16, 2, 5, 'N'),
(17, 2, 6, 'Y'),
(18, 2, 7, 'Y'),
(19, 2, 8, 'Y'),
(20, 2, 9, 'Y'),
(21, 2, 10, 'N'),
(22, 2, 11, ''),
(23, 3, 1, ''),
(24, 3, 2, ''),
(25, 3, 3, ''),
(26, 3, 4, ''),
(27, 3, 5, ''),
(28, 3, 6, ''),
(29, 3, 7, ''),
(30, 3, 8, ''),
(31, 3, 9, ''),
(32, 3, 10, ''),
(33, 3, 11, ''),
(34, 4, 1, ''),
(35, 4, 2, ''),
(36, 4, 3, ''),
(37, 4, 4, ''),
(38, 4, 5, ''),
(39, 4, 6, ''),
(40, 4, 7, ''),
(41, 4, 8, ''),
(42, 4, 9, ''),
(43, 4, 10, ''),
(44, 4, 11, ''),
(45, 5, 1, ''),
(46, 5, 2, ''),
(47, 5, 3, ''),
(48, 5, 4, ''),
(49, 5, 5, ''),
(50, 5, 6, ''),
(51, 5, 7, ''),
(52, 5, 8, ''),
(53, 5, 9, ''),
(54, 5, 10, ''),
(55, 5, 11, ''),
(56, 6, 1, 'Y'),
(57, 6, 2, 'N'),
(58, 6, 3, 'Y'),
(59, 6, 4, 'Y'),
(60, 6, 5, 'N'),
(61, 6, 6, 'Y'),
(62, 6, 7, 'Y'),
(63, 6, 8, 'Y'),
(64, 6, 9, 'Y'),
(65, 6, 10, 'N'),
(66, 6, 11, 'Y'),
(67, 7, 1, 'Y'),
(68, 7, 2, 'N'),
(69, 7, 3, 'N'),
(70, 7, 4, 'Y'),
(71, 7, 5, 'Y'),
(72, 7, 6, 'Y'),
(73, 7, 7, 'Y'),
(74, 7, 8, 'Y'),
(75, 7, 9, 'Y'),
(76, 7, 10, 'Y'),
(77, 7, 11, 'Y'),
(78, 8, 1, 'Y'),
(79, 8, 2, 'N'),
(80, 8, 3, 'N'),
(81, 8, 4, 'Y'),
(82, 8, 5, 'Y'),
(83, 8, 6, 'Y'),
(84, 8, 7, 'Y'),
(85, 8, 8, 'Y'),
(86, 8, 9, 'Y'),
(87, 8, 10, 'Y'),
(88, 8, 11, 'Y'),
(89, 9, 1, 'Y'),
(100, 10, 1, 'Y'),
(101, 10, 2, 'N'),
(102, 10, 3, 'N'),
(103, 10, 4, 'Y'),
(104, 10, 5, 'N'),
(105, 10, 6, 'Y'),
(106, 10, 7, 'Y'),
(107, 10, 8, 'Y'),
(108, 10, 9, 'Y'),
(109, 10, 10, 'N'),
(110, 10, 11, 'Y'),
(111, 11, 1, 'N'),
(112, 11, 2, 'N'),
(113, 11, 3, 'N'),
(114, 11, 4, 'Y'),
(115, 11, 5, 'N'),
(116, 11, 6, 'Y'),
(117, 11, 7, 'N'),
(118, 11, 8, 'N'),
(119, 11, 9, 'Y'),
(120, 11, 10, 'Y'),
(121, 11, 11, 'Y'),
(122, 12, 1, 'N'),
(123, 12, 2, 'N'),
(124, 12, 3, 'N'),
(125, 12, 4, 'Y'),
(126, 12, 5, 'N'),
(127, 12, 6, 'Y'),
(128, 12, 7, 'N'),
(129, 12, 8, 'N'),
(130, 12, 9, 'Y'),
(131, 12, 10, 'Y'),
(132, 12, 11, 'Y'),
(133, 13, 1, 'N'),
(134, 13, 2, 'N'),
(135, 13, 3, 'N'),
(136, 13, 4, 'Y'),
(137, 13, 5, 'N'),
(138, 13, 6, 'Y'),
(139, 13, 7, 'N'),
(140, 13, 8, 'N'),
(141, 13, 9, 'Y'),
(142, 13, 10, 'Y'),
(143, 13, 11, 'Y'),
(144, 14, 1, 'N'),
(145, 14, 2, 'N'),
(146, 14, 3, 'N'),
(147, 14, 4, 'Y'),
(148, 14, 5, 'N'),
(149, 14, 6, 'Y'),
(150, 14, 7, 'N'),
(151, 14, 8, 'N'),
(152, 14, 9, 'Y'),
(153, 14, 10, 'Y'),
(154, 14, 11, 'Y'),
(155, 15, 1, 'N'),
(156, 15, 2, 'N'),
(157, 15, 3, 'N'),
(158, 15, 4, 'Y'),
(159, 15, 5, 'N'),
(160, 15, 6, 'Y'),
(161, 15, 7, 'N'),
(162, 15, 8, 'N'),
(163, 15, 9, 'Y'),
(164, 15, 10, 'Y'),
(165, 15, 11, 'Y'),
(166, 16, 1, 'N'),
(167, 16, 2, 'N'),
(168, 16, 3, 'N'),
(169, 16, 4, 'Y'),
(170, 16, 5, 'N'),
(171, 16, 6, 'Y'),
(172, 16, 7, 'N'),
(173, 16, 8, 'N'),
(174, 16, 9, 'Y'),
(175, 16, 10, 'Y'),
(176, 16, 11, 'Y'),
(177, 17, 1, 'Y'),
(178, 17, 2, 'Y'),
(179, 17, 3, 'N'),
(180, 17, 4, 'Y'),
(181, 17, 5, 'Y'),
(182, 17, 6, 'Y'),
(183, 17, 7, 'Y'),
(184, 17, 8, 'Y'),
(185, 17, 9, 'Y'),
(186, 17, 10, 'N'),
(187, 17, 11, 'Y'),
(188, 18, 1, 'Y'),
(189, 18, 2, 'Y'),
(190, 18, 3, 'N'),
(191, 18, 4, 'Y'),
(192, 18, 5, 'Y'),
(193, 18, 6, 'Y'),
(194, 18, 7, 'Y'),
(195, 18, 8, 'Y'),
(196, 18, 9, 'Y'),
(197, 18, 10, 'N'),
(198, 18, 11, 'Y'),
(199, 19, 1, 'Y'),
(200, 19, 2, 'N'),
(201, 19, 3, 'N'),
(202, 19, 4, 'Y'),
(203, 19, 5, 'N'),
(204, 19, 6, 'N'),
(205, 19, 7, 'N'),
(206, 19, 8, 'Y'),
(207, 19, 9, 'Y'),
(208, 19, 10, 'N'),
(209, 19, 11, 'Y'),
(210, 20, 1, 'N'),
(211, 20, 2, 'N'),
(212, 20, 3, 'N'),
(213, 20, 4, 'Y'),
(214, 20, 5, 'N'),
(215, 20, 6, 'N'),
(216, 20, 7, 'N'),
(217, 20, 8, 'Y'),
(218, 20, 9, 'Y'),
(219, 20, 10, 'N'),
(220, 20, 11, 'Y'),
(221, 21, 1, 'N'),
(222, 21, 2, 'N'),
(223, 21, 3, 'N'),
(224, 21, 4, 'Y'),
(225, 21, 5, 'N'),
(226, 21, 6, 'N'),
(227, 21, 7, 'N'),
(228, 21, 8, 'Y'),
(229, 21, 9, 'Y'),
(230, 21, 10, 'N'),
(231, 21, 11, 'Y'),
(232, 22, 1, 'Y'),
(233, 22, 2, 'N'),
(234, 22, 3, 'N'),
(235, 22, 4, 'Y'),
(236, 22, 5, 'Y'),
(237, 22, 6, 'N'),
(238, 22, 7, 'Y'),
(239, 22, 8, 'Y'),
(240, 22, 9, 'Y'),
(241, 22, 10, 'N'),
(242, 22, 11, 'Y'),
(243, 23, 1, 'Y'),
(244, 23, 2, 'N'),
(245, 23, 3, 'N'),
(246, 23, 4, 'Y'),
(247, 23, 5, 'Y'),
(248, 23, 6, 'N'),
(249, 23, 7, 'Y'),
(250, 23, 8, 'Y'),
(251, 23, 9, 'Y'),
(252, 23, 10, 'N'),
(253, 23, 11, 'Y'),
(254, 24, 1, 'Y'),
(255, 24, 2, 'N'),
(256, 24, 3, 'N'),
(257, 24, 4, 'Y'),
(258, 24, 5, 'N'),
(259, 24, 6, 'N'),
(260, 24, 7, 'Y'),
(261, 24, 8, 'Y'),
(262, 24, 9, 'Y'),
(263, 24, 10, 'N'),
(264, 24, 11, 'Y'),
(265, 25, 1, 'Y'),
(266, 25, 2, 'N'),
(267, 25, 3, 'N'),
(268, 25, 4, 'Y'),
(269, 25, 5, 'Y'),
(270, 25, 6, 'N'),
(271, 25, 7, 'Y'),
(272, 25, 8, 'Y'),
(273, 25, 9, 'Y'),
(274, 25, 10, 'N'),
(275, 25, 11, 'Y'),
(276, 26, 1, 'Y'),
(277, 26, 2, 'N'),
(278, 26, 3, 'N'),
(279, 26, 4, 'Y'),
(280, 26, 5, 'Y'),
(281, 26, 6, 'Y'),
(282, 26, 7, 'Y'),
(283, 26, 8, 'Y'),
(284, 26, 9, 'Y'),
(285, 26, 10, 'Y'),
(286, 26, 11, 'Y'),
(287, 27, 1, 'Y'),
(288, 27, 2, 'N'),
(289, 27, 3, 'N'),
(290, 27, 4, 'Y'),
(291, 27, 5, 'Y'),
(292, 27, 6, 'Y'),
(293, 27, 7, 'Y'),
(294, 27, 8, 'Y'),
(295, 27, 9, 'Y'),
(296, 27, 10, 'Y'),
(297, 27, 11, 'Y'),
(298, 28, 1, 'Y'),
(299, 28, 2, 'N'),
(300, 28, 3, 'N'),
(301, 28, 4, 'Y'),
(302, 28, 5, 'Y'),
(303, 28, 6, 'Y'),
(304, 28, 7, 'Y'),
(305, 28, 8, 'Y'),
(306, 28, 9, 'Y'),
(307, 28, 10, 'Y'),
(308, 28, 11, 'Y'),
(309, 29, 1, 'Y'),
(310, 29, 2, 'N'),
(311, 29, 3, 'N'),
(312, 29, 4, 'Y'),
(313, 29, 5, 'Y'),
(314, 29, 6, 'Y'),
(315, 29, 7, 'Y'),
(316, 29, 8, 'Y'),
(317, 29, 9, 'Y'),
(318, 29, 10, 'Y'),
(319, 29, 11, 'Y'),
(320, 30, 1, 'Y'),
(321, 30, 2, 'Y'),
(322, 30, 3, 'Y'),
(323, 30, 4, 'Y'),
(324, 30, 5, 'Y'),
(325, 30, 6, 'Y'),
(326, 30, 7, 'Y'),
(327, 30, 8, 'Y'),
(328, 30, 9, 'Y'),
(329, 30, 10, 'N'),
(330, 30, 11, 'Y'),
(331, 31, 1, 'Y'),
(332, 31, 2, 'N'),
(333, 31, 3, 'Y'),
(334, 31, 4, 'Y'),
(335, 31, 5, 'Y'),
(336, 31, 6, 'N'),
(337, 31, 7, 'Y'),
(338, 31, 8, 'Y'),
(339, 31, 9, 'Y'),
(340, 31, 10, 'N'),
(341, 31, 11, 'Y'),
(342, 32, 1, 'Y'),
(343, 32, 2, 'N'),
(344, 32, 3, 'Y'),
(345, 32, 4, 'Y'),
(346, 32, 5, 'Y'),
(347, 32, 6, 'N'),
(348, 32, 7, 'Y'),
(349, 32, 8, 'Y'),
(350, 32, 9, 'Y'),
(351, 32, 10, 'N'),
(352, 32, 11, 'Y'),
(353, 33, 1, 'Y'),
(354, 33, 2, 'N'),
(355, 33, 3, 'N'),
(356, 33, 4, 'Y'),
(357, 33, 5, 'Y'),
(358, 33, 6, 'Y'),
(359, 33, 7, 'Y'),
(360, 33, 8, 'Y'),
(361, 33, 9, 'Y'),
(362, 33, 10, 'Y'),
(363, 33, 11, 'Y'),
(364, 34, 1, 'Y'),
(365, 34, 2, 'N'),
(366, 34, 3, 'N'),
(367, 34, 4, 'Y'),
(368, 34, 5, 'Y'),
(369, 34, 6, 'Y'),
(370, 34, 7, 'Y'),
(371, 34, 8, 'Y'),
(372, 34, 9, 'Y'),
(373, 34, 10, 'Y'),
(374, 34, 11, 'Y'),
(375, 35, 1, 'Y'),
(376, 35, 2, 'N'),
(377, 35, 3, 'N'),
(378, 35, 4, 'Y'),
(379, 35, 5, 'Y'),
(380, 35, 6, 'Y'),
(381, 35, 7, 'Y'),
(382, 35, 8, 'Y'),
(383, 35, 9, 'Y'),
(384, 35, 10, 'Y'),
(385, 35, 11, 'Y'),
(386, 36, 1, 'Y'),
(387, 36, 2, 'N'),
(388, 36, 3, 'N'),
(389, 36, 4, 'Y'),
(390, 36, 5, 'Y'),
(391, 36, 6, 'Y'),
(392, 36, 7, 'Y'),
(393, 36, 8, 'Y'),
(394, 36, 9, 'Y'),
(395, 36, 10, 'Y'),
(396, 36, 11, 'Y'),
(397, 37, 1, 'Y'),
(398, 37, 2, 'N'),
(399, 37, 3, 'N'),
(400, 37, 4, 'Y'),
(401, 37, 5, 'Y'),
(402, 37, 6, 'Y'),
(403, 37, 7, 'Y'),
(404, 37, 8, 'Y'),
(405, 37, 9, 'Y'),
(406, 37, 10, 'Y'),
(407, 37, 11, 'Y'),
(408, 38, 1, 'Y'),
(409, 38, 2, 'N'),
(410, 38, 3, 'N'),
(411, 38, 4, 'Y'),
(412, 38, 5, 'Y'),
(413, 38, 6, 'Y'),
(414, 38, 7, 'Y'),
(415, 38, 8, 'Y'),
(416, 38, 9, 'Y'),
(417, 38, 10, 'Y'),
(418, 38, 11, 'Y'),
(419, 39, 1, 'Y'),
(420, 39, 2, 'N'),
(421, 39, 3, 'N'),
(422, 39, 4, 'Y'),
(423, 39, 5, 'Y'),
(424, 39, 6, 'Y'),
(425, 39, 7, 'Y'),
(426, 39, 8, 'Y'),
(427, 39, 9, 'Y'),
(428, 39, 10, 'Y'),
(429, 39, 11, 'Y'),
(430, 40, 1, 'Y'),
(431, 40, 2, 'N'),
(432, 40, 3, 'N'),
(433, 40, 4, 'Y'),
(434, 40, 5, 'Y'),
(435, 40, 6, 'Y'),
(436, 40, 7, 'Y'),
(437, 40, 8, 'Y'),
(438, 40, 9, 'Y'),
(439, 40, 10, 'Y'),
(440, 40, 11, 'Y'),
(441, 41, 1, 'N'),
(442, 41, 2, 'N'),
(443, 41, 3, 'Y'),
(444, 41, 4, 'Y'),
(445, 41, 5, 'N'),
(446, 41, 6, 'Y'),
(447, 41, 7, 'Y'),
(448, 41, 8, 'Y'),
(449, 41, 9, 'Y'),
(450, 41, 10, 'N'),
(451, 41, 11, 'Y'),
(452, 42, 1, 'Y'),
(453, 42, 2, 'N'),
(454, 42, 3, 'N'),
(455, 42, 4, 'Y'),
(456, 42, 5, 'N'),
(457, 42, 6, 'N'),
(458, 42, 7, 'Y'),
(459, 42, 8, 'N'),
(460, 42, 9, 'Y'),
(461, 42, 10, 'Y'),
(462, 42, 11, 'Y'),
(463, 43, 1, 'Y'),
(464, 43, 2, 'N'),
(465, 43, 3, 'N'),
(466, 43, 4, 'Y'),
(467, 43, 5, 'N'),
(468, 43, 6, 'N'),
(469, 43, 7, 'Y'),
(470, 43, 8, 'N'),
(471, 43, 9, 'Y'),
(472, 43, 10, 'Y'),
(473, 43, 11, 'Y'),
(474, 44, 1, 'Y'),
(475, 44, 2, 'N'),
(476, 44, 3, 'N'),
(477, 44, 4, 'Y'),
(478, 44, 5, 'N'),
(479, 44, 6, 'N'),
(480, 44, 7, 'Y'),
(481, 44, 8, 'N'),
(482, 44, 9, 'Y'),
(483, 44, 10, 'Y'),
(484, 44, 11, 'Y'),
(485, 45, 1, 'Y'),
(486, 45, 2, 'Y'),
(487, 45, 3, 'N'),
(488, 45, 4, 'Y'),
(489, 45, 5, 'N'),
(490, 45, 6, 'Y'),
(491, 45, 7, 'Y'),
(492, 45, 8, 'Y'),
(493, 45, 9, 'Y'),
(494, 45, 10, 'Y'),
(495, 45, 11, 'Y'),
(496, 46, 1, 'Y'),
(497, 46, 2, 'Y'),
(498, 46, 3, 'N'),
(499, 46, 4, 'Y'),
(500, 46, 5, 'N'),
(501, 46, 6, 'Y'),
(502, 46, 7, 'Y'),
(503, 46, 8, 'Y'),
(504, 46, 9, 'Y'),
(505, 46, 10, 'Y'),
(506, 46, 11, 'Y'),
(507, 47, 1, 'Y'),
(508, 47, 2, 'Y'),
(509, 47, 3, 'N'),
(510, 47, 4, 'Y'),
(511, 47, 5, 'N'),
(512, 47, 6, 'Y'),
(513, 47, 7, 'Y'),
(514, 47, 8, 'Y'),
(515, 47, 9, 'Y'),
(516, 47, 10, 'Y'),
(517, 47, 11, 'Y'),
(518, 48, 1, 'Y'),
(519, 48, 2, 'N'),
(520, 48, 3, 'N'),
(521, 48, 4, 'Y'),
(522, 48, 5, 'Y'),
(523, 48, 6, 'Y'),
(524, 48, 7, 'Y'),
(525, 48, 8, 'Y'),
(526, 48, 9, 'Y'),
(527, 48, 10, 'Y'),
(528, 48, 11, 'Y'),
(529, 49, 1, 'Y'),
(530, 49, 2, 'N'),
(531, 49, 3, 'N'),
(532, 49, 4, 'Y'),
(533, 49, 5, 'Y'),
(534, 49, 6, 'Y'),
(535, 49, 7, 'Y'),
(536, 49, 8, 'Y'),
(537, 49, 9, 'Y'),
(538, 49, 10, 'Y'),
(539, 49, 11, 'Y'),
(540, 50, 1, 'Y'),
(541, 50, 2, 'N'),
(542, 50, 3, 'N'),
(543, 50, 4, 'Y'),
(544, 50, 5, 'Y'),
(545, 50, 6, 'Y'),
(546, 50, 7, 'Y'),
(547, 50, 8, 'Y'),
(548, 50, 9, 'Y'),
(549, 50, 10, 'Y'),
(550, 50, 11, 'Y'),
(551, 51, 1, 'Y'),
(552, 51, 2, 'N'),
(553, 51, 3, 'N'),
(554, 51, 4, 'Y'),
(555, 51, 5, 'N'),
(556, 51, 6, 'N'),
(557, 51, 7, 'Y'),
(558, 51, 8, 'Y'),
(559, 51, 9, 'Y'),
(560, 51, 10, 'N'),
(561, 51, 11, 'Y'),
(562, 52, 1, 'Y'),
(563, 52, 2, 'N'),
(564, 52, 3, 'N'),
(565, 52, 4, 'Y'),
(566, 52, 5, 'N'),
(567, 52, 6, 'N'),
(568, 52, 7, 'Y'),
(569, 52, 8, 'Y'),
(570, 52, 9, 'Y'),
(571, 52, 10, 'N'),
(572, 52, 11, 'Y'),
(573, 53, 1, 'Y'),
(574, 53, 2, 'N'),
(575, 53, 3, 'N'),
(576, 53, 4, 'Y'),
(577, 53, 5, 'Y'),
(578, 53, 6, 'Y'),
(579, 53, 7, 'Y'),
(580, 53, 8, 'Y'),
(581, 53, 9, 'Y'),
(582, 53, 10, 'Y'),
(583, 53, 11, 'Y'),
(584, 54, 1, 'Y'),
(585, 54, 2, 'N'),
(586, 54, 3, 'N'),
(587, 54, 4, 'Y'),
(588, 54, 5, 'Y'),
(589, 54, 6, 'N'),
(590, 54, 7, 'Y'),
(591, 54, 8, 'Y'),
(592, 54, 9, 'Y'),
(593, 54, 10, 'N'),
(594, 54, 11, 'Y'),
(595, 55, 1, 'N'),
(596, 55, 2, 'N'),
(597, 55, 3, 'N'),
(598, 55, 4, 'Y'),
(599, 55, 5, 'N'),
(600, 55, 6, 'N'),
(601, 55, 7, 'N'),
(602, 55, 8, 'Y'),
(603, 55, 9, 'Y'),
(604, 55, 10, 'N'),
(605, 55, 11, 'N'),
(606, 56, 1, 'N'),
(607, 56, 2, 'N'),
(608, 56, 3, 'N'),
(609, 56, 4, 'Y'),
(610, 56, 5, 'N'),
(611, 56, 6, 'N'),
(612, 56, 7, 'N'),
(613, 56, 8, 'Y'),
(614, 56, 9, 'Y'),
(615, 56, 10, 'N'),
(616, 56, 11, 'N'),
(617, 57, 1, 'Y'),
(618, 57, 2, 'Y'),
(619, 57, 3, 'N'),
(620, 57, 4, 'Y'),
(621, 57, 5, 'N'),
(622, 57, 6, 'N'),
(623, 57, 7, 'Y'),
(624, 57, 8, 'Y'),
(625, 57, 9, 'Y'),
(626, 57, 10, 'Y'),
(627, 57, 11, 'Y'),
(628, 58, 1, 'Y'),
(629, 58, 2, 'Y'),
(630, 58, 3, 'N'),
(631, 58, 4, 'Y'),
(632, 58, 5, 'N'),
(633, 58, 6, 'N'),
(634, 58, 7, 'Y'),
(635, 58, 8, 'Y'),
(636, 58, 9, 'Y'),
(637, 58, 10, 'Y'),
(638, 58, 11, 'Y'),
(639, 59, 1, 'Y'),
(640, 59, 2, 'Y'),
(641, 59, 3, 'Y'),
(642, 59, 4, 'Y'),
(643, 59, 5, 'N'),
(644, 59, 6, 'N'),
(645, 59, 7, 'Y'),
(646, 59, 8, 'Y'),
(647, 59, 9, 'Y'),
(648, 59, 10, 'Y'),
(649, 59, 11, 'Y'),
(650, 60, 1, 'Y'),
(651, 60, 2, 'N'),
(652, 60, 3, 'N'),
(653, 60, 4, 'Y'),
(654, 60, 5, 'N'),
(655, 60, 6, 'N'),
(656, 60, 7, 'Y'),
(657, 60, 8, 'Y'),
(658, 60, 9, 'Y'),
(659, 60, 10, 'N'),
(660, 60, 11, 'Y'),
(661, 61, 1, 'Y'),
(662, 61, 2, 'N'),
(663, 61, 3, 'N'),
(664, 61, 4, 'Y'),
(665, 61, 5, 'N'),
(666, 61, 6, 'N'),
(667, 61, 7, 'Y'),
(668, 61, 8, 'Y'),
(669, 61, 9, 'Y'),
(670, 61, 10, 'Y'),
(671, 61, 11, 'Y'),
(672, 62, 1, 'Y'),
(673, 62, 2, 'N'),
(674, 62, 3, 'N'),
(675, 62, 4, 'Y'),
(676, 62, 5, 'N'),
(677, 62, 6, 'N'),
(678, 62, 7, 'Y'),
(679, 62, 8, 'Y'),
(680, 62, 9, 'Y'),
(681, 62, 10, 'Y'),
(682, 62, 11, 'Y'),
(683, 63, 1, 'Y'),
(684, 63, 2, 'Y'),
(685, 63, 3, 'Y'),
(686, 63, 4, 'Y'),
(687, 63, 5, 'Y'),
(688, 63, 6, 'Y'),
(689, 63, 7, 'Y'),
(690, 63, 8, 'Y'),
(691, 63, 9, 'Y'),
(692, 63, 10, 'N'),
(693, 63, 11, 'Y'),
(694, 64, 1, 'Y'),
(695, 64, 2, 'N'),
(696, 64, 3, 'N'),
(697, 64, 4, 'Y'),
(698, 64, 5, 'N'),
(699, 64, 6, 'N'),
(700, 64, 7, 'Y'),
(701, 64, 8, 'Y'),
(702, 64, 9, 'Y'),
(703, 64, 10, 'N'),
(704, 64, 11, 'Y'),
(705, 65, 1, 'N'),
(706, 65, 2, 'N'),
(707, 65, 3, 'N'),
(708, 65, 4, 'Y'),
(709, 65, 5, 'N'),
(710, 65, 6, 'N'),
(711, 65, 7, 'N'),
(712, 65, 8, 'N'),
(713, 65, 9, 'Y'),
(714, 65, 10, 'Y'),
(715, 65, 11, 'Y'),
(716, 66, 1, 'N'),
(717, 66, 2, 'N'),
(718, 66, 3, 'N'),
(719, 66, 4, 'Y'),
(720, 66, 5, 'N'),
(721, 66, 6, 'N'),
(722, 66, 7, 'N'),
(723, 66, 8, 'N'),
(724, 66, 9, 'Y'),
(725, 66, 10, 'Y'),
(726, 66, 11, 'Y'),
(727, 67, 1, 'N'),
(728, 67, 2, 'N'),
(729, 67, 3, 'N'),
(730, 67, 4, 'Y'),
(731, 67, 5, 'N'),
(732, 67, 6, 'N'),
(733, 67, 7, 'N'),
(734, 67, 8, 'N'),
(735, 67, 9, 'Y'),
(736, 67, 10, 'Y'),
(737, 67, 11, 'Y'),
(738, 70, 1, 'Y'),
(739, 70, 2, 'N'),
(740, 1, 11, 'Y'),
(742, 75, 1, 'Y'),
(743, 75, 2, 'N'),
(744, 75, 3, 'N'),
(745, 75, 4, 'Y'),
(746, 75, 5, 'N'),
(747, 75, 6, 'Y'),
(748, 75, 7, 'Y'),
(749, 75, 8, 'Y'),
(750, 75, 9, 'Y'),
(751, 75, 10, 'N'),
(752, 75, 11, 'Y'),
(753, 76, 1, 'Y'),
(754, 76, 2, 'Y'),
(755, 76, 3, 'Y'),
(756, 76, 4, 'Y'),
(757, 76, 5, 'Y'),
(758, 76, 6, 'Y'),
(759, 76, 7, 'Y'),
(760, 76, 8, 'Y'),
(761, 76, 9, 'Y'),
(762, 76, 10, 'N'),
(763, 76, 11, 'Y'),
(764, 77, 1, 'Y'),
(765, 77, 2, 'N'),
(766, 77, 3, 'N'),
(767, 77, 4, 'Y'),
(768, 77, 5, 'Y'),
(769, 77, 6, 'N'),
(770, 77, 7, 'Y'),
(771, 77, 8, 'Y'),
(772, 77, 9, 'Y'),
(773, 77, 10, 'N'),
(774, 77, 11, 'Y'),
(775, 78, 1, 'Y'),
(776, 78, 2, 'N'),
(777, 78, 3, 'N'),
(778, 78, 4, 'Y'),
(779, 78, 5, 'N'),
(780, 78, 6, 'N'),
(781, 78, 7, 'Y'),
(782, 78, 8, 'Y'),
(783, 78, 9, 'Y'),
(784, 78, 10, 'Y'),
(785, 78, 11, 'Y'),
(786, 79, 1, 'Y'),
(787, 79, 2, 'N'),
(788, 79, 3, 'N'),
(789, 79, 4, 'Y'),
(790, 79, 6, 'Y'),
(791, 79, 7, 'Y'),
(792, 79, 8, 'Y'),
(793, 79, 9, 'Y'),
(794, 79, 10, 'N'),
(795, 79, 11, 'Y'),
(796, 80, 1, 'Y'),
(797, 80, 7, 'Y'),
(798, 80, 8, 'Y'),
(799, 80, 9, 'Y'),
(800, 80, 11, 'Y'),
(801, 81, 1, 'Y'),
(802, 81, 4, 'Y'),
(803, 81, 7, 'Y'),
(804, 81, 8, 'Y'),
(805, 81, 9, 'Y'),
(806, 81, 10, 'Y'),
(807, 81, 11, 'Y'),
(808, 82, 1, 'Y'),
(809, 82, 4, 'Y'),
(810, 82, 8, 'Y'),
(811, 82, 9, 'Y'),
(812, 82, 11, 'Y'),
(813, 83, 1, 'Y'),
(814, 83, 4, 'Y'),
(815, 83, 9, 'Y'),
(816, 83, 11, 'Y'),
(817, 84, 1, 'Y'),
(818, 84, 4, 'Y'),
(819, 84, 6, 'Y'),
(820, 84, 7, 'Y'),
(821, 84, 8, 'Y'),
(822, 84, 9, 'Y'),
(823, 84, 11, 'Y'),
(824, 85, 1, 'Y'),
(825, 85, 4, 'Y'),
(826, 85, 5, 'Y'),
(827, 85, 7, 'Y'),
(828, 85, 8, 'Y'),
(829, 85, 9, 'Y'),
(830, 85, 11, 'Y'),
(831, 86, 1, 'Y'),
(832, 86, 4, 'Y'),
(833, 86, 7, 'Y'),
(834, 87, 1, 'Y'),
(835, 87, 4, 'Y'),
(836, 87, 6, 'Y'),
(837, 87, 7, 'Y'),
(838, 87, 8, 'Y'),
(839, 87, 9, 'Y'),
(840, 87, 11, 'Y'),
(841, 88, 1, 'Y'),
(842, 88, 4, 'Y'),
(843, 88, 6, 'Y'),
(844, 88, 7, 'Y'),
(845, 89, 1, 'Y'),
(846, 89, 4, 'Y'),
(847, 89, 5, 'Y'),
(848, 89, 7, 'Y'),
(849, 89, 8, 'Y'),
(850, 89, 9, 'Y'),
(851, 89, 11, 'Y'),
(852, 90, 1, 'Y'),
(853, 90, 4, 'Y'),
(854, 90, 8, 'Y'),
(855, 90, 9, 'Y'),
(856, 90, 10, 'Y'),
(857, 90, 11, 'Y'),
(858, 91, 4, 'Y'),
(859, 91, 6, 'Y'),
(860, 91, 9, 'Y'),
(861, 91, 10, 'Y'),
(862, 91, 11, 'Y'),
(863, 92, 4, 'Y'),
(864, 92, 6, 'Y'),
(865, 92, 9, 'Y'),
(866, 92, 10, 'Y'),
(867, 92, 11, 'Y'),
(868, 93, 1, 'Y'),
(869, 93, 3, 'Y'),
(870, 93, 4, 'Y'),
(871, 93, 6, 'Y'),
(872, 93, 7, 'Y'),
(873, 93, 9, 'Y'),
(874, 93, 11, 'Y'),
(875, 94, 1, 'Y'),
(876, 94, 2, 'Y'),
(877, 94, 3, 'Y'),
(878, 94, 4, 'Y'),
(879, 94, 6, 'Y'),
(880, 94, 7, 'Y'),
(881, 94, 8, 'Y'),
(882, 94, 9, 'Y'),
(884, 94, 11, 'Y'),
(885, 95, 1, 'Y'),
(886, 95, 4, 'Y'),
(887, 95, 5, 'Y'),
(888, 95, 6, 'Y'),
(889, 95, 7, 'Y'),
(890, 95, 8, 'Y'),
(891, 95, 9, 'Y'),
(892, 95, 10, 'Y'),
(893, 95, 11, 'Y'),
(894, 96, 1, 'Y'),
(895, 96, 4, 'Y'),
(896, 96, 6, 'Y'),
(897, 96, 7, 'Y'),
(898, 96, 8, 'Y'),
(899, 96, 9, 'Y'),
(900, 96, 10, 'Y'),
(901, 96, 11, 'Y'),
(902, 97, 1, 'Y'),
(903, 97, 4, 'Y'),
(904, 97, 9, 'Y'),
(905, 97, 10, 'Y'),
(906, 97, 11, 'Y'),
(907, 98, 1, 'Y'),
(908, 98, 4, 'Y'),
(909, 98, 7, 'Y'),
(910, 98, 8, 'Y'),
(911, 98, 9, 'Y'),
(912, 98, 10, 'Y'),
(913, 98, 11, 'Y'),
(915, 99, 10, 'Y'),
(916, 99, 11, 'Y'),
(917, 100, 4, 'Y'),
(918, 100, 5, 'Y'),
(919, 100, 8, 'Y'),
(922, 102, 1, 'Y'),
(923, 102, 3, 'Y'),
(924, 102, 4, 'Y'),
(925, 102, 6, 'Y'),
(926, 102, 7, 'Y'),
(927, 102, 9, 'Y'),
(928, 102, 11, 'Y'),
(929, 104, 1, 'Y'),
(930, 104, 2, 'N'),
(931, 104, 3, 'N'),
(932, 104, 4, 'Y'),
(933, 104, 5, 'N'),
(934, 104, 6, 'N'),
(935, 104, 7, 'Y'),
(936, 104, 8, 'Y'),
(937, 104, 9, 'Y'),
(938, 104, 10, 'N'),
(939, 104, 11, 'Y'),
(940, 101, 1, 'N'),
(941, 101, 2, 'N'),
(942, 101, 3, 'N'),
(943, 101, 4, 'Y'),
(944, 101, 5, 'N'),
(946, 101, 6, 'N'),
(947, 101, 7, 'N'),
(948, 101, 8, 'Y'),
(949, 101, 9, 'Y'),
(950, 101, 10, 'N'),
(951, 101, 11, 'N'),
(952, 105, 1, 'Y'),
(953, 105, 2, 'N'),
(954, 105, 3, 'N'),
(955, 105, 4, 'Y'),
(956, 105, 5, 'Y'),
(957, 105, 6, 'Y'),
(958, 105, 7, 'Y'),
(959, 105, 8, 'Y'),
(960, 105, 9, 'Y'),
(961, 105, 10, 'N'),
(962, 105, 11, 'Y'),
(963, 106, 1, 'Y'),
(964, 106, 2, 'N'),
(965, 106, 3, 'Y'),
(966, 106, 4, 'Y'),
(967, 106, 5, 'Y'),
(968, 106, 6, 'N'),
(969, 106, 7, 'Y'),
(970, 106, 8, 'Y'),
(971, 106, 9, 'Y'),
(972, 106, 10, 'N'),
(973, 106, 11, 'Y'),
(974, 107, 1, 'Y'),
(975, 107, 2, 'N'),
(976, 107, 3, 'N'),
(977, 107, 4, 'Y'),
(978, 107, 5, 'N'),
(979, 107, 6, 'N'),
(980, 107, 7, 'Y'),
(981, 107, 8, 'Y'),
(982, 107, 9, 'Y'),
(983, 107, 10, 'N'),
(984, 107, 11, 'Y'),
(985, 108, 1, 'Y'),
(986, 108, 2, 'N'),
(987, 108, 3, 'N'),
(988, 108, 4, 'Y'),
(989, 108, 5, 'N'),
(990, 108, 6, 'Y'),
(991, 108, 7, 'Y'),
(992, 108, 8, 'Y'),
(993, 108, 9, 'Y'),
(994, 108, 10, 'N'),
(995, 108, 11, 'Y'),
(996, 109, 1, 'Y'),
(997, 109, 2, 'N'),
(998, 109, 3, 'N'),
(999, 109, 4, 'Y'),
(1000, 109, 5, 'N'),
(1001, 109, 6, 'N'),
(1002, 109, 7, 'Y'),
(1003, 109, 8, 'Y'),
(1004, 109, 9, 'Y'),
(1005, 109, 10, 'N'),
(1007, 109, 11, 'Y'),
(1008, 110, 1, 'Y'),
(1009, 110, 2, 'N'),
(1010, 110, 3, 'N'),
(1011, 110, 4, 'Y'),
(1012, 110, 5, 'Y'),
(1013, 110, 6, 'Y'),
(1014, 110, 7, 'Y'),
(1015, 110, 8, 'Y'),
(1016, 110, 9, 'Y'),
(1017, 110, 10, 'N'),
(1018, 110, 11, 'Y'),
(1019, 111, 1, 'Y'),
(1020, 111, 2, 'N'),
(1021, 111, 3, 'N'),
(1022, 111, 4, 'Y'),
(1023, 111, 5, 'N'),
(1024, 111, 6, 'Y'),
(1025, 111, 7, 'Y'),
(1026, 111, 8, 'Y'),
(1027, 111, 9, 'Y'),
(1028, 111, 10, 'N'),
(1029, 111, 11, 'Y'),
(1030, 112, 1, 'Y'),
(1031, 112, 2, 'N'),
(1032, 112, 3, 'N'),
(1033, 112, 4, 'Y'),
(1034, 112, 5, 'Y'),
(1035, 112, 6, 'Y'),
(1036, 112, 7, 'Y'),
(1037, 112, 8, 'Y'),
(1038, 112, 9, 'Y'),
(1039, 112, 10, 'Y'),
(1040, 112, 11, 'Y'),
(1041, 113, 1, 'Y'),
(1042, 113, 2, 'N'),
(1043, 113, 3, 'N'),
(1044, 113, 4, 'Y'),
(1045, 113, 5, 'N'),
(1046, 113, 6, 'N'),
(1047, 113, 7, 'Y'),
(1048, 113, 8, 'Y'),
(1049, 113, 9, 'Y'),
(1050, 113, 10, 'N'),
(1051, 113, 11, 'Y'),
(1052, 114, 1, 'Y'),
(1053, 114, 2, 'N'),
(1054, 114, 3, 'Y'),
(1055, 114, 4, 'Y'),
(1056, 114, 5, 'Y'),
(1057, 114, 6, 'N'),
(1058, 114, 7, 'Y'),
(1059, 114, 8, 'Y'),
(1060, 114, 9, 'Y'),
(1061, 114, 10, 'Y'),
(1062, 114, 11, 'Y'),
(1063, 115, 1, 'Y'),
(1064, 115, 2, 'N'),
(1065, 115, 3, 'N'),
(1066, 115, 4, 'Y'),
(1067, 115, 5, 'Y'),
(1068, 115, 6, 'N'),
(1069, 115, 7, 'Y'),
(1070, 115, 8, 'Y'),
(1071, 115, 9, 'Y'),
(1072, 115, 10, 'N'),
(1073, 115, 11, 'Y'),
(1074, 116, 1, 'Y'),
(1075, 116, 2, 'Y'),
(1076, 116, 3, 'Y'),
(1077, 116, 4, 'Y'),
(1078, 116, 5, 'N'),
(1079, 116, 6, 'N'),
(1080, 116, 7, 'Y'),
(1081, 116, 8, 'Y'),
(1082, 116, 9, 'Y'),
(1083, 116, 10, 'Y'),
(1084, 116, 11, 'Y'),
(1085, 117, 1, 'Y'),
(1086, 117, 2, 'N'),
(1087, 117, 3, 'Y'),
(1088, 117, 4, 'Y'),
(1089, 117, 5, 'N'),
(1090, 117, 6, 'Y'),
(1091, 117, 7, 'Y'),
(1092, 117, 8, 'Y'),
(1093, 117, 9, 'Y'),
(1094, 117, 10, 'N'),
(1095, 117, 11, 'Y'),
(1096, 118, 1, 'Y'),
(1097, 118, 2, 'Y'),
(1098, 118, 3, 'N'),
(1099, 118, 4, 'Y'),
(1100, 118, 5, 'N'),
(1101, 118, 6, 'Y'),
(1102, 118, 7, 'Y'),
(1103, 118, 8, 'Y'),
(1104, 118, 9, 'Y'),
(1105, 118, 10, 'Y'),
(1106, 118, 11, 'Y'),
(1108, 9, 4, 'Y'),
(1109, 9, 6, 'Y'),
(1110, 9, 7, 'Y'),
(1111, 9, 8, 'Y'),
(1112, 9, 9, 'Y'),
(1113, 9, 11, 'Y'),
(1114, 120, 4, 'Y'),
(1115, 120, 7, 'Y'),
(1116, 120, 8, 'Y'),
(1117, 120, 9, 'Y'),
(1118, 121, 1, 'Y'),
(1119, 121, 3, 'Y'),
(1120, 121, 4, 'Y'),
(1121, 121, 6, 'Y'),
(1122, 121, 7, 'Y'),
(1123, 121, 8, 'Y'),
(1124, 121, 9, 'Y'),
(1125, 121, 11, 'Y'),
(1126, 122, 4, 'Y'),
(1127, 122, 7, 'Y'),
(1128, 122, 8, 'Y'),
(1129, 122, 9, 'Y'),
(1130, 123, 1, 'Y'),
(1131, 123, 4, 'Y'),
(1132, 123, 7, 'Y'),
(1133, 123, 8, 'Y'),
(1134, 123, 9, 'Y'),
(1135, 123, 11, 'Y'),
(1136, 124, 1, 'Y'),
(1137, 124, 2, 'Y'),
(1138, 124, 4, 'Y'),
(1139, 124, 7, 'Y'),
(1140, 124, 8, 'Y'),
(1141, 124, 9, 'Y'),
(1142, 124, 10, 'Y'),
(1143, 124, 11, 'Y'),
(1144, 125, 1, 'Y'),
(1145, 125, 4, 'Y'),
(1146, 125, 7, 'Y'),
(1147, 125, 8, 'Y'),
(1148, 125, 9, 'Y'),
(1149, 125, 11, 'Y'),
(1150, 86, 8, 'Y'),
(1151, 86, 9, 'Y'),
(1152, 86, 11, 'Y'),
(1153, 86, 10, 'Y'),
(1154, 88, 8, 'Y'),
(1155, 88, 9, 'Y'),
(1156, 88, 10, 'Y'),
(1157, 88, 11, 'Y');

-- --------------------------------------------------------

--
-- Table structure for table `wisata_berpendukung`
--

CREATE TABLE IF NOT EXISTS `wisata_berpendukung` (
  `wiskung_id` int(11) NOT NULL AUTO_INCREMENT,
  `wisata_id` int(11) NOT NULL,
  `faspen_id` int(11) NOT NULL,
  `wiskung_nama` varchar(100) NOT NULL,
  `wiskung_alamat` text NOT NULL,
  `wiskung_telp` varchar(50) NOT NULL,
  `wiskung_website` varchar(50) NOT NULL,
  `wiskung_latitude` varchar(50) NOT NULL,
  `wiskung_longitude` varchar(50) NOT NULL,
  `wiskung_url_foto` text NOT NULL,
  PRIMARY KEY (`wiskung_id`)
) ENGINE=InnoDB  DEFAULT CHARSET=latin1 AUTO_INCREMENT=4 ;

--
-- Dumping data for table `wisata_berpendukung`
--

INSERT INTO `wisata_berpendukung` (`wiskung_id`, `wisata_id`, `faspen_id`, `wiskung_nama`, `wiskung_alamat`, `wiskung_telp`, `wiskung_website`, `wiskung_latitude`, `wiskung_longitude`, `wiskung_url_foto`) VALUES
(1, 29, 1, 'Hotel Ali', 'Jalan Baru No 15', '085678908765', 'www.example.com', '-7.85605', '112.45487', '2.jpg');

-- --------------------------------------------------------

--
-- Table structure for table `wisata_tags`
--

CREATE TABLE IF NOT EXISTS `wisata_tags` (
  `wisata_id` int(11) NOT NULL DEFAULT '0',
  `tag_id` int(11) NOT NULL DEFAULT '0',
  PRIMARY KEY (`wisata_id`,`tag_id`),
  KEY `tag_id` (`tag_id`)
) ENGINE=InnoDB DEFAULT CHARSET=latin1;

--
-- Constraints for dumped tables
--

--
-- Constraints for table `kategori_wisata`
--
ALTER TABLE `kategori_wisata`
  ADD CONSTRAINT `kategori_wisata_ibfk_1` FOREIGN KEY (`wisata_id`) REFERENCES `wisata` (`wisata_id`) ON DELETE CASCADE ON UPDATE CASCADE,
  ADD CONSTRAINT `kategori_wisata_ibfk_2` FOREIGN KEY (`kategori_id`) REFERENCES `kategori` (`kategori_id`) ON DELETE CASCADE ON UPDATE CASCADE;

--
-- Constraints for table `wisata_tags`
--
ALTER TABLE `wisata_tags`
  ADD CONSTRAINT `wisata_tags_ibfk_1` FOREIGN KEY (`wisata_id`) REFERENCES `wisata` (`wisata_id`) ON DELETE CASCADE ON UPDATE CASCADE,
  ADD CONSTRAINT `wisata_tags_ibfk_2` FOREIGN KEY (`tag_id`) REFERENCES `tag` (`id`) ON DELETE CASCADE ON UPDATE CASCADE;

/*!40101 SET CHARACTER_SET_CLIENT=@OLD_CHARACTER_SET_CLIENT */;
/*!40101 SET CHARACTER_SET_RESULTS=@OLD_CHARACTER_SET_RESULTS */;
/*!40101 SET COLLATION_CONNECTION=@OLD_COLLATION_CONNECTION */;
